tag,seed,scale,lo,hi,cond_density,gen_density,precision,recall,f1,chamfer,sec,source,alpha,clip
e1_synth_sparse_a0.15,0,1.0,100,200,0.0,0.0820770263671875,0.0,0.0,0.0,nan,184.1,synth_sparse,0.15,0.324
e1_synth_sparse_a0.3,0,1.0,100,200,0.0063018798828125,0.013885498046875,0.4445054945054945,0.975181598062954,0.6106607304506888,26.62433624267578,145.5,synth_sparse,0.3,0.3112
e1_synth_sparse_a0.5,0,1.0,100,200,0.008056640625,0.041019439697265625,0.2010601692550916,0.9725378787878788,0.33322930426162256,43.427650451660156,122.4,synth_sparse,0.5,0.3209
e1_synth_sparse_a1.0,0,1.0,100,200,0.008056640625,0.041019439697265625,0.2010601692550916,0.9725378787878788,0.33322930426162256,43.427650451660156,140.2,synth_sparse,1.0,0.3209
e1_synth_low_a0.15,0,1.0,100,200,0.0,0.0820770263671875,0.0,0.0,0.0,nan,133.9,synth_low,0.15,0.324
e1_synth_low_a0.3,0,1.0,100,200,0.016082763671875,0.023365020751953125,0.6915918367346939,0.9637096774193549,0.8052837989773319,3.0409674644470215,147.2,synth_low,0.3,0.3124
e1_synth_low_a0.5,0,1.0,100,200,0.020050048828125,0.0241851806640625,0.7320189274447949,0.9594748858447488,0.830453852480114,2.838229179382324,119.1,synth_low,0.5,0.3019
e1_synth_low_a1.0,0,1.0,100,200,0.020050048828125,0.0241851806640625,0.7320189274447949,0.9594748858447488,0.830453852480114,2.838229179382324,120.3,synth_low,1.0,0.3019
e1_synth_mid_a0.15,0,1.0,100,200,0.0,0.0820770263671875,0.0,0.0,0.0,nan,131.9,synth_mid,0.15,0.324
e1_synth_mid_a0.3,0,1.0,100,200,0.04486083984375,0.05214691162109375,0.7971470373079736,0.9805272108843538,0.879378617259183,1.8279321193695068,148.7,synth_mid,0.3,0.291
e1_synth_mid_a0.5,0,1.0,100,200,0.0467529296875,0.053592681884765625,0.803046480176525,0.9886586161879896,0.8862382804367887,1.8089704513549805,134.8,synth_mid,0.5,0.295
e1_synth_mid_a1.0,0,1.0,100,200,0.0467529296875,0.053592681884765625,0.803046480176525,0.9886586161879896,0.8862382804367887,1.8089704513549805,131.7,synth_mid,1.0,0.295
e1_synth_dense_a0.15,0,1.0,100,200,0.0,0.0820770263671875,0.0,0.0,0.0,nan,133.7,synth_dense,0.15,0.324
e1_synth_dense_a0.3,0,1.0,100,200,0.08837890625,0.12444686889648438,0.7600465928945835,0.997496546961326,0.8627314286057562,1.3641016483306885,121.9,synth_dense,0.3,0.275
e1_synth_dense_a0.5,0,1.0,100,200,0.08837890625,0.12444686889648438,0.7600465928945835,0.997496546961326,0.8627314286057562,1.3641016483306885,162.1,synth_dense,0.5,0.275
e1_synth_dense_a1.0,0,1.0,100,200,0.08837890625,0.12444686889648438,0.7600465928945835,0.997496546961326,0.8627314286057562,1.3641016483306885,135.2,synth_dense,1.0,0.275
e1_synth_veryd_a0.15,0,1.0,100,200,0.0,0.0820770263671875,0.0,0.0,0.0,nan,128.7,synth_veryd,0.15,0.324
e1_synth_veryd_a0.3,0,1.0,100,200,0.131591796875,0.16665267944335938,0.9216013917183602,0.9959995361781077,0.9573572325077055,0.8266855478286743,123.9,synth_veryd,0.3,0.2514
e1_synth_veryd_a0.5,0,1.0,100,200,0.131591796875,0.16665267944335938,0.9216013917183602,0.9959995361781077,0.9573572325077055,0.8266855478286743,125.7,synth_veryd,0.5,0.2514
e1_synth_veryd_a1.0,0,1.0,100,200,0.131591796875,0.16665267944335938,0.9216013917183602,0.9959995361781077,0.9573572325077055,0.8266855478286743,127.7,synth_veryd,1.0,0.2514
e1_astronaut_a0.15,0,1.0,100,200,6.866455078125e-05,0.0933074951171875,0.0006950122649223222,0.7777777777777778,0.0013887835306611895,140.45018005371094,126.8,astronaut,0.15,0.3001
e1_astronaut_a0.3,0,1.0,100,200,0.02912139892578125,0.0890045166015625,0.39992285273444195,0.9777312025150642,0.5676563724069088,7.490431785583496,122.7,astronaut,0.3,0.305
e1_astronaut_a0.5,0,1.0,100,200,0.054416656494140625,0.07469558715820312,0.7114549818701803,0.9064143007360673,0.797187976593778,2.497164726257324,119.1,astronaut,0.5,0.2989
e1_astronaut_a1.0,0,1.0,100,200,0.09000015258789062,0.06668853759765625,0.9109941654272966,0.7140253465010808,0.8005724483366793,2.257591962814331,109.9,astronaut,1.0,0.303
e1_camera_a0.15,0,1.0,100,200,0.0,0.017635345458984375,0.0,0.0,0.0,nan,112.9,camera,0.15,0.2929
e1_camera_a0.3,0,1.0,100,200,0.0138702392578125,0.0437774658203125,0.3745207389334263,0.9724972497249725,0.5407802889707172,8.079708099365234,121.8,camera,0.3,0.2867
e1_camera_a0.5,0,1.0,100,200,0.0252838134765625,0.057140350341796875,0.4719273649776354,0.9396499698249849,0.6282993121631929,8.132791519165039,115.7,camera,0.5,0.2875
e1_camera_a1.0,0,1.0,100,200,0.07509613037109375,0.10298919677734375,0.6594192162382398,0.890429747028345,0.757708008737944,6.000296115875244,102.8,camera,1.0,0.2971
e1_coffee_a0.15,0,1.0,100,200,0.0001068115234375,0.02777862548828125,0.0021971985718209283,0.5714285714285714,0.004377564979480165,86.73448181152344,104.7,coffee,0.15,0.2859
e1_coffee_a0.3,0,1.0,100,200,0.014678955078125,0.02693939208984375,0.42381761540640045,0.7952182952182952,0.5529410883954204,9.107728958129883,103.6,coffee,0.3,0.2843
e1_coffee_a0.5,0,1.0,100,200,0.028949737548828125,0.030055999755859375,0.6013453483944663,0.6473843721175385,0.6235161611057554,8.338516235351562,103.3,coffee,0.5,0.2891
e1_coffee_a1.0,0,1.0,100,200,0.05858612060546875,0.03119659423828125,0.8755196869650281,0.5255241567912489,0.6568056343088631,5.48878812789917,106.4,coffee,1.0,0.2941
e1_chelsea_a0.15,0,1.0,100,200,0.0,0.08625030517578125,0.0,0.0,0.0,nan,103.8,chelsea,0.15,0.271
e1_chelsea_a0.3,0,1.0,100,200,0.0,0.08625030517578125,0.0,0.0,0.0,nan,103.3,chelsea,0.3,0.271
e1_chelsea_a0.5,0,1.0,100,200,0.001697540283203125,0.06993484497070312,0.02787323405880107,0.8157303370786517,0.05390456700793953,34.03870391845703,104.5,chelsea,0.5,0.2761
e1_chelsea_a1.0,0,1.0,100,200,0.04433441162109375,0.08224105834960938,0.514124031726889,0.8080364825331269,0.6284123140900978,5.120604515075684,103.4,chelsea,1.0,0.2775
e1_coins_a0.15,0,1.0,100,200,0.0,0.19516754150390625,0.0,0.0,0.0,nan,105.6,coins,0.15,0.2994
e1_coins_a0.3,0,1.0,100,200,0.010528564453125,0.1103668212890625,0.1490736900317987,0.9916666666666667,0.2591850256080847,17.09491539001465,106.5,coins,0.3,0.2943
e1_coins_a0.5,0,1.0,100,200,0.02805328369140625,0.10515594482421875,0.3797431618660669,0.985994016861572,0.5483111851620855,4.223087310791016,104.6,coins,0.5,0.3059
e1_coins_a1.0,0,1.0,100,200,0.07428359985351562,0.11294174194335938,0.781909683520789,0.9802803882298567,0.8699296862579348,1.4392591714859009,103.2,coins,1.0,0.2898
e1_horse_a0.15,0,1.0,100,200,0.01294708251953125,0.011627197265625,0.9970472440944882,0.9563936358279317,0.9762974131160985,0.6219578981399536,135.8,horse,0.15,0.304
e1_horse_a0.3,0,1.0,100,200,0.012966156005859375,0.011760711669921875,0.9967564060979566,0.9646954986760812,0.9804639266441975,0.5571753978729248,106.3,horse,0.3,0.3029
e1_horse_a0.5,0,1.0,100,200,0.012969970703125,0.01178741455078125,0.9967637540453075,0.965,0.9806247267748295,0.5546900629997253,107.7,horse,0.5,0.3031
e1_horse_a1.0,0,1.0,100,200,0.012973785400390625,0.011623382568359375,0.9967180833606827,0.9541311379006174,0.9749597751364836,0.6422871351242065,116.4,horse,1.0,0.3047
e1_page_a0.15,0,1.0,100,200,0.0,0.24131011962890625,0.0,0.0,0.0,nan,116.2,page,0.15,0.3342
e1_page_a0.3,0,1.0,100,200,0.031772613525390625,0.039661407470703125,0.723574107915745,0.8770560691559611,0.7929565141557177,6.618099212646484,109.3,page,0.3,0.2734
e1_page_a0.5,0,1.0,100,200,0.07192611694335938,0.1040496826171875,0.7582123478515912,0.9815963935295677,0.8555635898114563,3.8012638092041016,104.8,page,0.5,0.2443
e1_page_a1.0,0,1.0,100,200,0.08687210083007812,0.1758880615234375,0.5734145918278823,0.9927984894392482,0.7269574585963356,7.011514663696289,105.7,page,1.0,0.2725
e1_rocket_a0.15,0,1.0,100,200,0.0,0.007404327392578125,0.0,0.0,0.0,nan,105.8,rocket,0.15,0.3007
e1_rocket_a0.3,0,1.0,100,200,0.00441741943359375,0.0150146484375,0.40523373983739835,0.9844559585492227,0.5741350320884742,6.288501739501953,105.6,rocket,0.3,0.308
e1_rocket_a0.5,0,1.0,100,200,0.021892547607421875,0.03856658935546875,0.5608308605341247,0.9428471859208921,0.7033125207604212,9.941980361938477,120.7,rocket,0.5,0.2906
e1_rocket_a1.0,0,1.0,100,200,0.042999267578125,0.033260345458984375,0.8843904117444661,0.7983498935415189,0.8391704755004836,2.4681966304779053,119.3,rocket,1.0,0.301
e1_immunohistochemistry_a0.15,0,1.0,100,200,0.0,0.15552902221679688,0.0,0.0,0.0,nan,120.3,immunohistochemistry,0.15,0.2969
e1_immunohistochemistry_a0.3,0,1.0,100,200,4.57763671875e-05,0.16093826293945312,0.0006162743843181872,1.0,0.0012317896482293023,111.41236114501953,119.4,immunohistochemistry,0.3,0.3017
e1_immunohistochemistry_a0.5,0,1.0,100,200,0.028125762939453125,0.07448196411132812,0.3323943661971831,0.7088023870880239,0.45255984418275946,6.684210300445557,101.3,immunohistochemistry,0.5,0.305
e1_immunohistochemistry_a1.0,0,1.0,100,200,0.18843460083007812,0.17659378051757812,0.9070269803209988,0.7990161345830719,0.8496024343668377,2.059110641479492,102.5,immunohistochemistry,1.0,0.3237
e1_cell_a0.15,0,1.0,100,200,0.0,0.25394439697265625,0.0,0.0,0.0,nan,124.4,cell,0.15,0.2879
e1_cell_a0.3,0,1.0,100,200,0.0,0.25394439697265625,0.0,0.0,0.0,nan,108.7,cell,0.3,0.2879
e1_cell_a0.5,0,1.0,100,200,0.0,0.25394439697265625,0.0,0.0,0.0,nan,105.0,cell,0.5,0.2879
e1_cell_a1.0,0,1.0,100,200,0.00164794921875,0.18338775634765625,0.009714190622789866,1.0,0.01924146597721514,91.18022918701172,106.8,cell,1.0,0.2967
