source,alpha,seed,dens_before,dens_after,scale_after,f1_before,f1_after,rec_before,rec_after,chamfer_before,chamfer_after
synth_sparse,0.3,0,0.0063018798828125,0.008056640625,1.4,0.6106607304506888,0.8699839059361824,0.975181598062954,0.9678030303030303,26.62433624267578,2.8400626182556152
synth_sparse,0.3,1,0.0063018798828125,0.008056640625,1.4,0.591212744453034,0.662973116034838,0.8904358353510896,0.9815340909090909,4.951874732971191,3.725489377975464
synth_sparse,0.3,2,0.0063018798828125,0.008056640625,1.4,0.8520302164343652,0.8790044826472718,0.923728813559322,0.9176136363636364,4.196246147155762,2.9476590156555176
synth_sparse,1.0,0,0.008056640625,0.008056640625,1.4,0.33322930426162256,0.875342001508228,0.9725378787878788,0.9668560606060606,43.427650451660156,2.7684974670410156
synth_sparse,1.0,1,0.008056640625,0.008056640625,1.4,0.4711926010740813,0.6724169540609851,0.9616477272727273,0.9796401515151515,9.348483085632324,3.614943265914917
synth_sparse,1.0,2,0.008056640625,0.008056640625,1.4,0.8925844221958257,0.875438050973731,0.9090909090909091,0.915719696969697,2.7970941066741943,2.994655132293701
synth_low,0.3,0,0.016082763671875,0.020050048828125,1.332666015625,0.8052837989773319,0.896617295063572,0.9637096774193549,0.9826864535768646,3.0409674644470215,1.7684979438781738
synth_low,0.3,1,0.016082763671875,0.020050048828125,1.332666015625,0.6935560193557723,0.6958051246923919,0.9603889943074004,0.9785007610350076,5.466154098510742,4.781581401824951
synth_low,0.3,2,0.016082763671875,0.020050048828125,1.332666015625,0.8297401064097777,0.8580752378407464,0.9945445920303605,0.9874429223744292,2.725027561187744,2.4073758125305176
synth_low,1.0,0,0.020050048828125,0.020050048828125,1.332666015625,0.830453852480114,0.8895007785298035,0.9594748858447488,0.9764079147640792,2.838229179382324,1.826249599456787
synth_low,1.0,1,0.020050048828125,0.020050048828125,1.332666015625,0.696282680236497,0.7047897162825028,0.9627092846270928,0.9790715372907154,4.8070969581604,4.678299427032471
synth_low,1.0,2,0.020050048828125,0.020050048828125,1.332666015625,0.7096478929367552,0.8505084000678621,0.989345509893455,0.9842085235920852,5.755581855773926,2.507453441619873
synth_mid,0.3,0,0.04486083984375,0.044979095458984375,1.0002787272135416,0.879378617259183,0.8785243750559475,0.9805272108843538,0.9793062505300653,1.8279321193695068,1.8401750326156616
synth_mid,0.3,1,0.04486083984375,0.044979095458984375,1.0002787272135416,0.8993767636712204,0.897163943316202,0.9686224489795918,0.9681112713086252,1.6575909852981567,1.6766016483306885
synth_mid,0.3,2,0.04486083984375,0.044979095458984375,1.0002787272135416,0.9115116438108728,0.9126916867104083,0.9979591836734694,0.9961835298108727,1.6908093690872192,1.6828488111495972
synth_mid,1.0,0,0.0467529296875,0.0467529296875,0.9766276041666666,0.8862382804367887,0.8821735001090498,0.9886586161879896,0.987597911227154,1.8089704513549805,1.8710246086120605
synth_mid,1.0,1,0.0467529296875,0.0467529296875,0.9766276041666666,0.9260123015444449,0.9214291636347877,0.9785411227154047,0.9786227154046997,1.4414689540863037,1.5459141731262207
synth_mid,1.0,2,0.0467529296875,0.0467529296875,0.9766276041666666,0.9151608246898572,0.9118964507943972,0.9944516971279374,0.9954308093994778,1.7419588565826416,1.901858925819397
synth_dense,0.3,0,0.08837890625,0.06103515625,0.7861979166666666,0.8627314286057562,0.7578396845186085,0.997496546961326,0.9993125,1.3641016483306885,2.0818026065826416
synth_dense,0.3,1,0.08837890625,0.06103515625,0.7861979166666666,0.9520713604513797,0.6402089805410306,0.9772531077348067,0.996625,0.8565037250518799,3.588886022567749
synth_dense,0.3,2,0.08837890625,0.06103515625,0.7861979166666666,0.9455277262742641,0.583026076730662,0.98541091160221,0.9901875,0.9379607439041138,4.682069301605225
synth_dense,1.0,0,0.08837890625,0.08837890625,0.42161458333333324,0.8627314286057562,0.3293507638691885,0.997496546961326,0.324067679558011,1.3641016483306885,12.310053825378418
synth_dense,1.0,1,0.08837890625,0.08837890625,0.42161458333333324,0.9520713604513797,0.7047209572961917,0.9772531077348067,0.969052140883978,0.8565037250518799,3.533097743988037
synth_dense,1.0,2,0.08837890625,0.08837890625,0.42161458333333324,0.9455277262742641,0.7132325891262123,0.98541091160221,0.8711153314917127,0.9379607439041138,3.155308961868286
synth_veryd,0.3,0,0.131591796875,0.0,1.4,0.9573572325077055,0.0,0.9959995361781077,0.0,0.8266855478286743,nan
synth_veryd,0.3,1,0.131591796875,0.0,1.4,0.9357673421466635,0.0,0.9907525510204082,0.0,1.042966365814209,nan
synth_veryd,0.3,2,0.131591796875,0.0,1.4,0.8237414502005017,0.0,0.9969851576994434,0.0,1.395601511001587,nan
synth_veryd,1.0,0,0.131591796875,0.131591796875,0.4,0.9573572325077055,0.27809187698853294,0.9959995361781077,0.18703617810760667,0.8266855478286743,12.204557418823242
synth_veryd,1.0,1,0.131591796875,0.131591796875,0.4,0.9357673421466635,0.6181788788755862,0.9907525510204082,0.6721358998144712,1.042966365814209,4.569577693939209
synth_veryd,1.0,2,0.131591796875,0.131591796875,0.4,0.8237414502005017,0.5076784432109952,0.9969851576994434,0.43106447124304265,1.395601511001587,8.092926025390625
astronaut,0.3,0,0.02912139892578125,0.044952392578125,1.000634765625,0.5676563724069088,0.7273370022246698,0.9777312025150642,0.8957060420909708,7.490431785583496,3.4339852333068848
astronaut,0.3,1,0.02912139892578125,0.044952392578125,1.000634765625,0.48445689805730485,0.784000157105077,0.978386167146974,0.9327902240325866,9.618197441101074,2.8762006759643555
astronaut,0.3,2,0.02912139892578125,0.044952392578125,1.000634765625,0.5732460387910918,0.7690374453651395,0.9135446685878963,0.915224032586558,7.334084510803223,2.8115057945251465
astronaut,1.0,0,0.09000015258789062,0.06301498413085938,0.7598002115885416,0.8005724483366793,0.7095223614014743,0.7140253465010808,0.7335795144984564,2.257591962814331,3.4045610427856445
astronaut,1.0,1,0.09000015258789062,0.06301498413085938,0.7598002115885416,0.8448007923447064,0.7178016605498843,0.8103674818802187,0.8494460923784732,1.962587594985962,3.1007633209228516
astronaut,1.0,2,0.09000015258789062,0.06301498413085938,0.7598002115885416,0.8657410203585619,0.7563313720243504,0.8418598736913492,0.8607058538652461,1.6017327308654785,2.585820198059082
camera,0.3,0,0.0138702392578125,0.045246124267578125,0.9967183430989583,0.5407802889707172,0.6901339275491676,0.9724972497249725,0.8289351656689993,8.079708099365234,5.580706596374512
camera,0.3,1,0.0138702392578125,0.045246124267578125,0.9967183430989583,0.5448554572127497,0.7068873349798677,0.9900990099009901,0.9467161284883231,9.036311149597168,6.74215841293335
camera,0.3,2,0.0138702392578125,0.045246124267578125,0.9967183430989583,0.6954801049892215,0.7262944503308365,0.9733223322332233,0.9429221819408145,4.339815616607666,2.7571041584014893
camera,1.0,0,0.07509613037109375,0.08581161499023438,0.4558451334635416,0.757708008737944,0.40754949492410175,0.890429747028345,0.3963991998221827,6.000296115875244,15.70642375946045
camera,1.0,1,0.07509613037109375,0.08581161499023438,0.4558451334635416,0.773744110491426,0.377329782240212,0.7656202377323986,0.33354078684152033,4.699383735656738,16.139436721801758
camera,1.0,2,0.07509613037109375,0.08581161499023438,0.4558451334635416,0.8121889492804355,0.7551024201714671,0.9508787971147008,0.8567237163814181,2.3462295532226562,3.874598741531372
coffee,0.3,0,0.014678955078125,0.044696807861328125,1.0040425618489583,0.5529410883954204,0.6358183889822799,0.7952182952182952,0.5469830161304088,9.107728958129883,6.876885414123535
coffee,0.3,1,0.014678955078125,0.044696807861328125,1.0040425618489583,0.24749043930763096,0.722577667323274,0.9287941787941788,0.9329179824187078,17.426969528198242,5.4323811531066895
coffee,0.3,2,0.014678955078125,0.044696807861328125,1.0040425618489583,0.39318299573714866,0.6798393977602865,0.9776507276507277,0.924895451054024,10.600068092346191,4.916563987731934
coffee,1.0,0,0.05858612060546875,0.0452423095703125,0.9967692057291666,0.6568056343088631,0.5868610868475921,0.5255241567912489,0.4678752107925801,5.48878812789917,7.498595237731934
coffee,1.0,1,0.05858612060546875,0.0452423095703125,0.9967692057291666,0.7358350026439451,0.6991157676607415,0.764813126709207,0.9002529510961215,4.421828269958496,5.674500465393066
coffee,1.0,2,0.05858612060546875,0.0452423095703125,0.9967692057291666,0.8079977990669309,0.679571958409204,0.8450970178408647,0.9339797639123103,2.514331102371216,4.158935070037842
chelsea,0.3,0,0.0,0.045429229736328125,0.9942769368489583,0.0,0.6697820816506022,0.0,0.7189520530691074,nan,5.346611976623535
chelsea,0.3,1,0.0,0.045429229736328125,0.9942769368489583,0.0,0.6437221151107971,0.0,0.9617936014778738,nan,4.695207595825195
chelsea,0.3,2,0.0,0.045429229736328125,0.9942769368489583,0.0,0.6898618563227488,0.0,0.7799143504912252,nan,4.953286170959473
chelsea,1.0,0,0.04433441162109375,0.04486846923828125,1.0017537434895833,0.6284123140900978,0.5954049986899806,0.8080364825331269,0.7707872810746472,5.120604515075684,7.787327766418457
chelsea,1.0,1,0.04433441162109375,0.04486846923828125,1.0017537434895833,0.5614483241861675,0.6205268235316146,0.9717776630528309,0.9882673014793403,6.271126747131348,4.783299446105957
chelsea,1.0,2,0.04433441162109375,0.04486846923828125,1.0017537434895833,0.6640320682324733,0.6356807239851406,0.8597487523662021,0.8314912429858867,4.19036340713501,5.345096588134766
coins,0.3,0,0.010528564453125,0.044574737548828125,1.005670166015625,0.2591850256080847,0.7023251371104889,0.9916666666666667,0.9800599058622165,17.09491539001465,2.734734535217285
coins,0.3,1,0.010528564453125,0.044574737548828125,1.005670166015625,0.2628718213502629,0.6797201437278098,0.993840579710145,0.9883611467693624,16.901473999023438,2.7770421504974365
coins,0.3,2,0.010528564453125,0.044574737548828125,1.005670166015625,0.2654388328785678,0.7203663574245484,0.9981884057971014,0.9879332477535302,8.750545501708984,2.328909397125244
coins,1.0,0,0.07428359985351562,0.056049346923828125,0.8526753743489583,0.8699296862579348,0.7522202841453265,0.9802803882298567,0.9772680868440754,1.4392591714859009,2.2173445224761963
coins,1.0,1,0.07428359985351562,0.056049346923828125,0.8526753743489583,0.8239592913254642,0.7461514789755848,0.9875211831767062,0.9851630027904444,1.9179915189743042,2.117448568344116
coins,1.0,2,0.07428359985351562,0.056049346923828125,0.8526753743489583,0.8777800801914517,0.764007528517048,0.974631541108201,0.9843462873477166,1.3840827941894531,2.055582284927368
horse,0.3,0,0.012966156005859375,0.0129547119140625,1.4,0.9804639266441975,1.0,0.9646954986760812,1.0,0.5571753978729248,0.2338811457157135
horse,0.3,1,0.012966156005859375,0.0129547119140625,1.4,1.0,1.0,1.0,1.0,0.3478679060935974,0.2212376594543457
horse,0.3,2,0.012966156005859375,0.0129547119140625,1.4,0.9737778201326264,0.9934712468908111,0.9585172109443955,0.9873380447585395,0.7718305587768555,0.31242331862449646
horse,1.0,0,0.012973785400390625,0.012969970703125,1.4,0.9749597751364836,1.0,0.9541311379006174,1.0,0.6422871351242065,0.23057344555854797
horse,1.0,1,0.012973785400390625,0.012969970703125,1.4,1.0,1.0,1.0,1.0,0.3489491939544678,0.2203710675239563
horse,1.0,2,0.012973785400390625,0.012969970703125,1.4,0.9744055183324133,0.9930314183060943,0.9594236989120847,0.9864705882352941,0.7593961954116821,0.32188183069229126
page,0.3,0,0.031772613525390625,0.044887542724609375,1.0014994303385416,0.7929565141557177,0.7489677350258597,0.8770560691559611,0.7174301011302796,6.618099212646484,5.785179138183594
page,0.3,1,0.031772613525390625,0.044887542724609375,1.0014994303385416,0.6756215243709864,0.6921165345497261,0.9296434145755793,0.9523242967621314,10.329795837402344,8.951729774475098
page,0.3,2,0.031772613525390625,0.044887542724609375,1.0014994303385416,0.639324099328351,0.6792867477454173,0.8981870572697803,0.9369422962522308,12.787041664123535,9.479453086853027
page,1.0,0,0.08687210083007812,0.08834457397460938,0.42207234700520835,0.7269574585963356,0.620440085127376,0.9927984894392482,0.8686471782028585,7.011514663696289,7.902886867523193
page,1.0,1,0.08687210083007812,0.08834457397460938,0.42207234700520835,0.9066315357022876,0.6700148907665565,0.9717648092038818,0.8788807806900125,2.3072354793548584,7.179830551147461
page,1.0,2,0.08687210083007812,0.08834457397460938,0.42207234700520835,0.8825392619001886,0.6600937387568814,0.9706231063101041,0.7923485470011659,4.188490867614746,7.947234153747559
rocket,0.3,0,0.00441741943359375,0.044841766357421875,1.0021097819010416,0.5741350320884742,0.9026674256796136,0.9844559585492227,0.8758826031475968,6.288501739501953,1.5718333721160889
rocket,0.3,1,0.00441741943359375,0.044841766357421875,1.0021097819010416,0.47889513879361595,0.9005047006476693,0.8221070811744386,0.8622713738834539,12.468422889709473,2.109394073486328
rocket,0.3,2,0.00441741943359375,0.044841766357421875,1.0021097819010416,0.49262177662641116,0.8878978740770159,0.7806563039723662,0.8770735857082093,10.7239408493042,1.587907314300537
rocket,1.0,0,0.042999267578125,0.0452728271484375,0.9963623046875,0.8391704755004836,0.9022814126805968,0.7983498935415189,0.8709976407145265,2.4681966304779053,1.2493202686309814
rocket,1.0,1,0.042999267578125,0.0452728271484375,0.9963623046875,0.8704084972210658,0.8917664408857641,0.78708303761533,0.861139197842939,1.4032576084136963,1.6015639305114746
rocket,1.0,2,0.042999267578125,0.0452728271484375,0.9963623046875,0.9182210307581791,0.8821740251657197,0.9216643009226402,0.869649477586788,1.3164148330688477,1.5595825910568237
immunohistochemistry,0.3,0,4.57763671875e-05,0.04473114013671875,1.0035847981770833,0.0012317896482293023,0.5816113213740022,1.0,0.8936551253624424,111.41236114501953,3.9674227237701416
immunohistochemistry,0.3,1,4.57763671875e-05,0.04473114013671875,1.0035847981770833,0.0004478092332666284,0.49629329066552097,1.0,0.9422650520211496,113.23270416259766,4.47264289855957
immunohistochemistry,0.3,2,4.57763671875e-05,0.04473114013671875,1.0035847981770833,0.0008846426043878273,0.4254942478268254,1.0,0.9931775541531639,105.13108825683594,4.6411542892456055
immunohistochemistry,1.0,0,0.18843460083007812,0.16257095336914062,0.4,0.8496024343668377,0.6770194972381465,0.7990161345830719,0.6584461599831053,2.059110641479492,2.9208736419677734
immunohistochemistry,1.0,1,0.18843460083007812,0.16257095336914062,0.4,0.8436839038313619,0.7929705400044096,0.8087738121748285,0.904357416054626,2.2594096660614014,2.0102200508117676
immunohistochemistry,1.0,2,0.18843460083007812,0.16257095336914062,0.4,0.8909833316270955,0.772026339773838,0.9232544486507278,0.8957692939437314,1.3135616779327393,2.1942763328552246
cell,0.3,0,0.0,0.023830413818359375,1.2822611490885416,0.0,0.7124401924415035,0.0,0.6591964142788539,nan,5.676704406738281
cell,0.3,1,0.0,0.023830413818359375,1.2822611490885416,0.0,0.69062772252367,0.0,0.9948775412197854,nan,3.440408945083618
cell,0.3,2,0.0,0.023830413818359375,1.2822611490885416,0.0,0.7781128881105681,0.0,0.7883784216423884,nan,3.898209571838379
cell,1.0,0,0.00164794921875,0.04559326171875,0.99208984375,0.01924146597721514,0.21051539608780998,1.0,0.1229082998661312,91.18022918701172,46.296321868896484
cell,1.0,1,0.00164794921875,0.04559326171875,0.99208984375,0.014684336707511986,0.5534502850628567,1.0,0.5458500669344043,97.11263275146484,5.311267852783203
cell,1.0,2,0.00164794921875,0.04559326171875,0.99208984375,0.013477871890503909,0.23225932027611243,1.0,0.1817269076305221,82.99629974365234,32.68978500366211
