source,alpha,seed,dens_before,dens_after,scale_after,f1_before,f1_after,f1c_before,f1c_after,clip_before,clip_after
synth_sparse,0.3,0,0.0063018798828125,0.008056640625,1.4,0.6106607304506888,0.8699839059361824,0.6403048544761696,0.8699839059361824,0.3112415075302124,0.2774761915206909
synth_sparse,0.3,1,0.0063018798828125,0.008056640625,1.4,0.591212744453034,0.662973116034838,0.5864623580228784,0.662973116034838,0.29013922810554504,0.2926909625530243
synth_sparse,0.3,2,0.0063018798828125,0.008056640625,1.4,0.8520302164343652,0.8790044826472718,0.8353345448628278,0.8790044826472718,0.3044109046459198,0.28233247995376587
synth_sparse,1.0,0,0.008056640625,0.008056640625,1.4,0.3332293042616225,0.875342001508228,0.33322930426162256,0.875342001508228,0.32088544964790344,0.2772964835166931
synth_sparse,1.0,1,0.008056640625,0.008056640625,1.4,0.4711926010740813,0.6724169540609851,0.4711926010740813,0.6724169540609851,0.28357988595962524,0.29159992933273315
synth_sparse,1.0,2,0.008056640625,0.008056640625,1.4,0.8925844221958257,0.875438050973731,0.8925844221958257,0.875438050973731,0.29437509179115295,0.28331097960472107
synth_low,0.3,0,0.016082763671875,0.020050048828125,1.332666015625,0.8052837989773319,0.896617295063572,0.8076904645950882,0.896617295063572,0.3124026358127594,0.304216593503952
synth_low,0.3,1,0.016082763671875,0.020050048828125,1.332666015625,0.6935560193557723,0.6958051246923919,0.7089666735078476,0.6958051246923919,0.2641798257827759,0.2880426049232483
synth_low,0.3,2,0.016082763671875,0.020050048828125,1.332666015625,0.8297401064097777,0.8580752378407464,0.8359320770309607,0.8580752378407464,0.29917532205581665,0.3031267821788788
synth_low,1.0,0,0.020050048828125,0.020050048828125,1.332666015625,0.830453852480114,0.8895007785298035,0.830453852480114,0.8895007785298035,0.3018837571144104,0.3033492863178253
synth_low,1.0,1,0.020050048828125,0.020050048828125,1.332666015625,0.696282680236497,0.7047897162825028,0.696282680236497,0.7047897162825028,0.28442510962486267,0.28788939118385315
synth_low,1.0,2,0.020050048828125,0.020050048828125,1.332666015625,0.7096478929367552,0.8505084000678621,0.7096478929367552,0.8505084000678621,0.2783399224281311,0.30135980248451233
synth_mid,0.3,0,0.04486083984375,0.0449790954589843,1.0002787272135416,0.879378617259183,0.8785243750559475,0.8828062101362727,0.8820535643821513,0.2910202443599701,0.2878398895263672
synth_mid,0.3,1,0.04486083984375,0.0449790954589843,1.0002787272135416,0.8993767636712204,0.897163943316202,0.9057623211362286,0.9037056151776558,0.2825782895088196,0.2832542657852173
synth_mid,0.3,2,0.04486083984375,0.0449790954589843,1.0002787272135416,0.9115116438108728,0.9126916867104083,0.9127602803686743,0.9139669797806599,0.2987157106399536,0.29924067854881287
synth_mid,1.0,0,0.0467529296875,0.0467529296875,0.9766276041666666,0.8862382804367887,0.8821735001090498,0.8862382804367887,0.8821735001090498,0.2949983477592468,0.2959606647491455
synth_mid,1.0,1,0.0467529296875,0.0467529296875,0.9766276041666666,0.9260123015444448,0.9214291636347876,0.9260123015444449,0.9214291636347877,0.2843421399593353,0.28358909487724304
synth_mid,1.0,2,0.0467529296875,0.0467529296875,0.9766276041666666,0.9151608246898572,0.9118964507943972,0.9151608246898572,0.9118964507943972,0.2935950458049774,0.2943909764289856
synth_dense,0.3,0,0.08837890625,0.06103515625,0.7861979166666666,0.8627314286057562,0.7578396845186085,0.8627314286057562,0.752693842317111,0.27495771646499634,0.3007703721523285
synth_dense,0.3,1,0.08837890625,0.06103515625,0.7861979166666666,0.9520713604513796,0.6402089805410306,0.9520713604513797,0.6810594445871415,0.29528725147247314,0.3058137893676758
synth_dense,0.3,2,0.08837890625,0.06103515625,0.7861979166666666,0.945527726274264,0.583026076730662,0.9455277262742641,0.6301438755909018,0.2925078272819519,0.28421860933303833
synth_dense,1.0,0,0.08837890625,0.08837890625,0.4216145833333332,0.8627314286057562,0.3293507638691885,0.8627314286057562,0.3293507638691885,0.27495771646499634,0.3149239420890808
synth_dense,1.0,1,0.08837890625,0.08837890625,0.4216145833333332,0.9520713604513796,0.7047209572961917,0.9520713604513797,0.7047209572961917,0.29528725147247314,0.3170492351055145
synth_dense,1.0,2,0.08837890625,0.08837890625,0.4216145833333332,0.945527726274264,0.7132325891262123,0.9455277262742641,0.7132325891262123,0.2925078272819519,0.3493714928627014
synth_veryd,0.3,0,0.131591796875,0.0,1.4,0.9573572325077055,0.0,0.9573572325077055,0.3956178266387215,0.2513551414012909,0.32084232568740845
synth_veryd,0.3,1,0.131591796875,0.0,1.4,0.9357673421466636,0.0,0.9357673421466635,0.6977784557557143,0.2843203544616699,0.3134748041629791
synth_veryd,0.3,2,0.131591796875,0.0,1.4,0.8237414502005017,0.0,0.8237414502005017,0.5034625460163522,0.274005651473999,0.32419484853744507
synth_veryd,1.0,0,0.131591796875,0.131591796875,0.4,0.9573572325077055,0.2780918769885329,0.9573572325077055,0.27809187698853294,0.2513551414012909,0.3293095529079437
synth_veryd,1.0,1,0.131591796875,0.131591796875,0.4,0.9357673421466636,0.6181788788755862,0.9357673421466635,0.6181788788755862,0.2843203544616699,0.3240719735622406
synth_veryd,1.0,2,0.131591796875,0.131591796875,0.4,0.8237414502005017,0.5076784432109952,0.8237414502005017,0.5076784432109952,0.274005651473999,0.3213932514190674
astronaut,0.3,0,0.0291213989257812,0.044952392578125,1.000634765625,0.5676563724069088,0.7273370022246698,0.6811137387315145,0.6984922728517589,0.30502286553382874,0.302160382270813
astronaut,0.3,1,0.0291213989257812,0.044952392578125,1.000634765625,0.4844568980573048,0.784000157105077,0.6531459169336596,0.7410950029867793,0.3064613342285156,0.30403557419776917
astronaut,0.3,2,0.0291213989257812,0.044952392578125,1.000634765625,0.5732460387910918,0.7690374453651395,0.6276844496109186,0.7218243072578069,0.28656184673309326,0.2815433144569397
astronaut,1.0,0,0.0900001525878906,0.0630149841308593,0.7598002115885416,0.8005724483366793,0.7095223614014743,0.8005724483366793,0.6921680600517532,0.3029525876045227,0.29762929677963257
astronaut,1.0,1,0.0900001525878906,0.0630149841308593,0.7598002115885416,0.8448007923447064,0.7178016605498843,0.8448007923447064,0.7318085758833004,0.28452998399734497,0.284898966550827
astronaut,1.0,2,0.0900001525878906,0.0630149841308593,0.7598002115885416,0.8657410203585619,0.7563313720243504,0.8657410203585619,0.7695579040471179,0.28607556223869324,0.2937624454498291
camera,0.3,0,0.0138702392578125,0.0452461242675781,0.9967183430989583,0.5407802889707172,0.6901339275491676,0.43837061117808107,0.6673604970084261,0.2867364287376404,0.28683120012283325
camera,0.3,1,0.0138702392578125,0.0452461242675781,0.9967183430989583,0.5448554572127497,0.7068873349798677,0.43860827358286214,0.7425177705301479,0.304231733083725,0.30799052119255066
camera,0.3,2,0.0138702392578125,0.0452461242675781,0.9967183430989583,0.6954801049892215,0.7262944503308365,0.47168456947746346,0.8399758662065004,0.30174022912979126,0.29568538069725037
camera,1.0,0,0.0750961303710937,0.0858116149902343,0.4558451334635416,0.757708008737944,0.4075494949241017,0.757708008737944,0.45638736417927334,0.2970985174179077,0.30022159218788147
camera,1.0,1,0.0750961303710937,0.0858116149902343,0.4558451334635416,0.773744110491426,0.377329782240212,0.773744110491426,0.41623638198741797,0.3020285367965698,0.3007473349571228
camera,1.0,2,0.0750961303710937,0.0858116149902343,0.4558451334635416,0.8121889492804355,0.7551024201714671,0.8121889492804355,0.6793609057134102,0.29265475273132324,0.2974258065223694
coffee,0.3,0,0.014678955078125,0.0446968078613281,1.0040425618489583,0.5529410883954204,0.6358183889822799,0.39538110655672337,0.5689280877963758,0.28431954979896545,0.28661835193634033
coffee,0.3,1,0.014678955078125,0.0446968078613281,1.0040425618489583,0.2474904393076309,0.722577667323274,0.43305989642621573,0.7221392979696611,0.2868897318840027,0.2959916591644287
coffee,0.3,2,0.014678955078125,0.0446968078613281,1.0040425618489583,0.3931829957371486,0.6798393977602865,0.5095949253733509,0.6779176658084132,0.27563369274139404,0.2996573746204376
coffee,1.0,0,0.0585861206054687,0.0452423095703125,0.9967692057291666,0.6568056343088631,0.5868610868475921,0.6568056343088631,0.5337080393273973,0.2940555214881897,0.2952095866203308
coffee,1.0,1,0.0585861206054687,0.0452423095703125,0.9967692057291666,0.7358350026439451,0.6991157676607415,0.7358350026439451,0.6707213358283776,0.30137717723846436,0.301736056804657
coffee,1.0,2,0.0585861206054687,0.0452423095703125,0.9967692057291666,0.8079977990669309,0.679571958409204,0.8079977990669309,0.6818426929781396,0.30386853218078613,0.3101117014884949
chelsea,0.3,0,0.0,0.0454292297363281,0.9942769368489583,0.0,0.6697820816506022,0.2871545642839197,0.6401865941166405,0.2709766924381256,0.27111539244651794
chelsea,0.3,1,0.0,0.0454292297363281,0.9942769368489583,0.0,0.6437221151107971,0.39787625572810154,0.5867003520760711,0.2806680202484131,0.27935028076171875
chelsea,0.3,2,0.0,0.0454292297363281,0.9942769368489583,0.0,0.6898618563227488,0.299819092700506,0.6366790463379216,0.28323283791542053,0.28450095653533936
chelsea,1.0,0,0.0443344116210937,0.0448684692382812,1.0017537434895831,0.6284123140900978,0.5954049986899806,0.6284123140900978,0.5435938446153912,0.2774517238140106,0.2726472020149231
chelsea,1.0,1,0.0443344116210937,0.0448684692382812,1.0017537434895831,0.5614483241861675,0.6205268235316146,0.5614483241861675,0.5609962537436199,0.28168582916259766,0.27817317843437195
chelsea,1.0,2,0.0443344116210937,0.0448684692382812,1.0017537434895831,0.6640320682324733,0.6356807239851406,0.6640320682324733,0.5814199203252768,0.2895359992980957,0.2861728072166443
coins,0.3,0,0.010528564453125,0.0445747375488281,1.005670166015625,0.2591850256080847,0.7023251371104889,0.6880123102760362,0.8280209742595991,0.2943016588687897,0.29629600048065186
coins,0.3,1,0.010528564453125,0.0445747375488281,1.005670166015625,0.2628718213502629,0.6797201437278098,0.6431859166368818,0.8031673592814191,0.3020884096622467,0.30425673723220825
coins,0.3,2,0.010528564453125,0.0445747375488281,1.005670166015625,0.2654388328785678,0.7203663574245484,0.46347494234857856,0.825992766257634,0.3040691614151001,0.30032387375831604
coins,1.0,0,0.0742835998535156,0.0560493469238281,0.8526753743489583,0.8699296862579348,0.7522202841453265,0.8699296862579348,0.8235817663417169,0.289841890335083,0.2938404381275177
coins,1.0,1,0.0742835998535156,0.0560493469238281,0.8526753743489583,0.8239592913254642,0.7461514789755848,0.8239592913254642,0.8148989945808954,0.2940406799316406,0.2909866273403168
coins,1.0,2,0.0742835998535156,0.0560493469238281,0.8526753743489583,0.8777800801914517,0.764007528517048,0.8777800801914517,0.8429007297765929,0.30192142724990845,0.3155663311481476
horse,0.3,0,0.0129661560058593,0.0129547119140625,1.4,0.9804639266441976,1.0,0.9804746492808046,1.0,0.30286580324172974,0.2954796254634857
horse,0.3,1,0.0129661560058593,0.0129547119140625,1.4,1.0,1.0,1.0,1.0,0.29928117990493774,0.3059723675251007
horse,0.3,2,0.0129661560058593,0.0129547119140625,1.4,0.9737778201326264,0.9934712468908112,0.9737904086853633,0.993331803343768,0.3208095133304596,0.31478068232536316
horse,1.0,0,0.0129737854003906,0.012969970703125,1.4,0.9749597751364836,1.0,0.9749597751364836,1.0,0.30471888184547424,0.29646316170692444
horse,1.0,1,0.0129737854003906,0.012969970703125,1.4,1.0,1.0,1.0,1.0,0.29933100938796997,0.3060409426689148
horse,1.0,2,0.0129737854003906,0.012969970703125,1.4,0.9744055183324132,0.9930314183060944,0.9744055183324133,0.9930334338817915,0.32067468762397766,0.3141990005970001
page,0.3,0,0.0317726135253906,0.0448875427246093,1.0014994303385416,0.7929565141557177,0.7489677350258597,0.6082690382791561,0.631315658562301,0.2734309732913971,0.25773683190345764
page,0.3,1,0.0317726135253906,0.0448875427246093,1.0014994303385416,0.6756215243709864,0.6921165345497261,0.6585355220496867,0.7178089871568485,0.2766190469264984,0.2892622649669647
page,0.3,2,0.0317726135253906,0.0448875427246093,1.0014994303385416,0.639324099328351,0.6792867477454173,0.6195420876227447,0.7250296729301022,0.28837430477142334,0.283255398273468
page,1.0,0,0.0868721008300781,0.0883445739746093,0.4220723470052083,0.7269574585963356,0.620440085127376,0.7269574585963356,0.6108765180213139,0.2724856734275818,0.27118560671806335
page,1.0,1,0.0868721008300781,0.0883445739746093,0.4220723470052083,0.9066315357022876,0.6700148907665565,0.9066315357022876,0.6609712061201181,0.27171197533607483,0.3021158277988434
page,1.0,2,0.0868721008300781,0.0883445739746093,0.4220723470052083,0.8825392619001886,0.6600937387568814,0.8825392619001886,0.6492455919764153,0.2643819749355316,0.2637590765953064
rocket,0.3,0,0.0044174194335937,0.0448417663574218,1.0021097819010416,0.5741350320884742,0.9026674256796136,0.40361125671791387,0.867862673712737,0.3079899251461029,0.2911641597747803
rocket,0.3,1,0.0044174194335937,0.0448417663574218,1.0021097819010416,0.4788951387936159,0.9005047006476693,0.3699251390192435,0.8666079167929495,0.30689847469329834,0.28917837142944336
rocket,0.3,2,0.0044174194335937,0.0448417663574218,1.0021097819010416,0.4926217766264111,0.8878978740770159,0.33415591618098417,0.8839156781355793,0.29049792885780334,0.30453476309776306
rocket,1.0,0,0.042999267578125,0.0452728271484375,0.9963623046875,0.8391704755004836,0.9022814126805968,0.8391704755004836,0.8853053632948011,0.3009797930717468,0.29634952545166016
rocket,1.0,1,0.042999267578125,0.0452728271484375,0.9963623046875,0.8704084972210658,0.8917664408857641,0.8704084972210658,0.8578021433008425,0.28769785165786743,0.2933884561061859
rocket,1.0,2,0.042999267578125,0.0452728271484375,0.9963623046875,0.9182210307581792,0.8821740251657197,0.9182210307581791,0.8750477841730375,0.3052283227443695,0.29563435912132263
immunohistochemistry,0.3,0,4.57763671875e-05,0.0447311401367187,1.0035847981770831,0.0012317896482293,0.5816113213740022,0.6717660008651697,0.7124095402445594,0.3017014265060425,0.3250161409378052
immunohistochemistry,0.3,1,4.57763671875e-05,0.0447311401367187,1.0035847981770831,0.0004478092332666,0.4962932906655209,0.8166947002496013,0.8217341614777532,0.3015005886554718,0.35847777128219604
immunohistochemistry,0.3,2,4.57763671875e-05,0.0447311401367187,1.0035847981770831,0.0008846426043878,0.4254942478268254,0.7684041936946734,0.8651920997564351,0.2918473184108734,0.3203566074371338
immunohistochemistry,1.0,0,0.1884346008300781,0.1625709533691406,0.4,0.8496024343668377,0.6770194972381465,0.8496024343668377,0.6893822748520093,0.3236501216888428,0.2928571105003357
immunohistochemistry,1.0,1,0.1884346008300781,0.1625709533691406,0.4,0.8436839038313619,0.7929705400044096,0.8436839038313619,0.8248080144684687,0.3194667100906372,0.335086852312088
immunohistochemistry,1.0,2,0.1884346008300781,0.1625709533691406,0.4,0.8909833316270955,0.772026339773838,0.8909833316270955,0.8145933482937928,0.30494049191474915,0.29092320799827576
cell,0.3,0,0.0,0.0238304138183593,1.2822611490885416,0.0,0.7124401924415035,0.014424161249608942,0.19316703216203077,0.28788626194000244,0.2788000702857971
cell,0.3,1,0.0,0.0238304138183593,1.2822611490885416,0.0,0.69062772252367,0.01752746511068725,0.0765335371679725,0.2812892198562622,0.28249841928482056
cell,0.3,2,0.0,0.0238304138183593,1.2822611490885416,0.0,0.7781128881105681,0.026095064078772788,0.14961101137043686,0.26987841725349426,0.28960347175598145
cell,1.0,0,0.00164794921875,0.04559326171875,0.99208984375,0.0192414659772151,0.2105153960878099,0.01924146597721514,0.3710333259766056,0.29669517278671265,0.2991847097873688
cell,1.0,1,0.00164794921875,0.04559326171875,0.99208984375,0.0146843367075119,0.5534502850628567,0.014684336707511986,0.08081768659653804,0.3150799870491028,0.32642537355422974
cell,1.0,2,0.00164794921875,0.04559326171875,0.99208984375,0.0134778718905039,0.2322593202761124,0.013477871890503909,0.10461031019725589,0.29543522000312805,0.24901558458805084
