tag,source,alpha,cond_density,ref_source,f1,md5,gen_edge_density
e1_synth_sparse_a0.15,synth_sparse,0.15,0.0,astronaut,0.37432217455682953,131a3d565f2f10c67413a81012477e22,0.0820770263671875
e1_synth_sparse_a0.15,synth_sparse,0.15,0.0,camera,0.32748794824570454,131a3d565f2f10c67413a81012477e22,0.0820770263671875
e1_synth_sparse_a0.15,synth_sparse,0.15,0.0,coffee,0.22107755884526137,131a3d565f2f10c67413a81012477e22,0.0820770263671875
e1_synth_sparse_a0.15,synth_sparse,0.15,0.0,chelsea,0.27145727537576375,131a3d565f2f10c67413a81012477e22,0.0820770263671875
e1_synth_sparse_a0.15,synth_sparse,0.15,0.0,coins,0.2972313380943193,131a3d565f2f10c67413a81012477e22,0.0820770263671875
e1_synth_sparse_a0.15,synth_sparse,0.15,0.0,horse,0.0899126850256747,131a3d565f2f10c67413a81012477e22,0.0820770263671875
e1_synth_sparse_a0.15,synth_sparse,0.15,0.0,page,0.3245978914837299,131a3d565f2f10c67413a81012477e22,0.0820770263671875
e1_synth_sparse_a0.15,synth_sparse,0.15,0.0,rocket,0.23341919949618825,131a3d565f2f10c67413a81012477e22,0.0820770263671875
e1_synth_sparse_a0.15,synth_sparse,0.15,0.0,immunohistochemistry,0.4001991370362839,131a3d565f2f10c67413a81012477e22,0.0820770263671875
e1_synth_sparse_a0.15,synth_sparse,0.15,0.0,cell,0.013173193732082429,131a3d565f2f10c67413a81012477e22,0.0820770263671875
e1_synth_sparse_a0.15,synth_sparse,0.15,0.0,synth_sparse,0.07244161589209513,131a3d565f2f10c67413a81012477e22,0.0820770263671875
e1_synth_sparse_a0.15,synth_sparse,0.15,0.0,synth_low,0.11365513383676357,131a3d565f2f10c67413a81012477e22,0.0820770263671875
e1_synth_sparse_a0.15,synth_sparse,0.15,0.0,synth_mid,0.21977307591151363,131a3d565f2f10c67413a81012477e22,0.0820770263671875
e1_synth_sparse_a0.15,synth_sparse,0.15,0.0,synth_dense,0.29777693665990224,131a3d565f2f10c67413a81012477e22,0.0820770263671875
e1_synth_sparse_a0.15,synth_sparse,0.15,0.0,synth_veryd,0.38204366798087835,131a3d565f2f10c67413a81012477e22,0.0820770263671875
e1_synth_sparse_a1.0,synth_sparse,1.0,0.008056640625,astronaut,0.16930812590391012,597ccc32247c9d528403c8bcfda1b9ca,0.041019439697265625
e1_synth_sparse_a1.0,synth_sparse,1.0,0.008056640625,camera,0.18452989264696043,597ccc32247c9d528403c8bcfda1b9ca,0.041019439697265625
e1_synth_sparse_a1.0,synth_sparse,1.0,0.008056640625,coffee,0.17370550446764518,597ccc32247c9d528403c8bcfda1b9ca,0.041019439697265625
e1_synth_sparse_a1.0,synth_sparse,1.0,0.008056640625,chelsea,0.14237161976947826,597ccc32247c9d528403c8bcfda1b9ca,0.041019439697265625
e1_synth_sparse_a1.0,synth_sparse,1.0,0.008056640625,coins,0.21655803268220017,597ccc32247c9d528403c8bcfda1b9ca,0.041019439697265625
e1_synth_sparse_a1.0,synth_sparse,1.0,0.008056640625,horse,0.06747662989950028,597ccc32247c9d528403c8bcfda1b9ca,0.041019439697265625
e1_synth_sparse_a1.0,synth_sparse,1.0,0.008056640625,page,0.26908357778500036,597ccc32247c9d528403c8bcfda1b9ca,0.041019439697265625
e1_synth_sparse_a1.0,synth_sparse,1.0,0.008056640625,rocket,0.06191456075544355,597ccc32247c9d528403c8bcfda1b9ca,0.041019439697265625
e1_synth_sparse_a1.0,synth_sparse,1.0,0.008056640625,immunohistochemistry,0.23233535175105707,597ccc32247c9d528403c8bcfda1b9ca,0.041019439697265625
e1_synth_sparse_a1.0,synth_sparse,1.0,0.008056640625,cell,0.04160485916667398,597ccc32247c9d528403c8bcfda1b9ca,0.041019439697265625
e1_synth_sparse_a1.0,synth_sparse,1.0,0.008056640625,synth_sparse,0.33322930426162256,597ccc32247c9d528403c8bcfda1b9ca,0.041019439697265625
e1_synth_sparse_a1.0,synth_sparse,1.0,0.008056640625,synth_low,0.10464994527209133,597ccc32247c9d528403c8bcfda1b9ca,0.041019439697265625
e1_synth_sparse_a1.0,synth_sparse,1.0,0.008056640625,synth_mid,0.24552589397764946,597ccc32247c9d528403c8bcfda1b9ca,0.041019439697265625
e1_synth_sparse_a1.0,synth_sparse,1.0,0.008056640625,synth_dense,0.20927431305371796,597ccc32247c9d528403c8bcfda1b9ca,0.041019439697265625
e1_synth_sparse_a1.0,synth_sparse,1.0,0.008056640625,synth_veryd,0.25405544315114514,597ccc32247c9d528403c8bcfda1b9ca,0.041019439697265625
e1_synth_low_a0.15,synth_low,0.15,0.0,astronaut,0.37432217455682953,131a3d565f2f10c67413a81012477e22,0.0820770263671875
e1_synth_low_a0.15,synth_low,0.15,0.0,camera,0.32748794824570454,131a3d565f2f10c67413a81012477e22,0.0820770263671875
e1_synth_low_a0.15,synth_low,0.15,0.0,coffee,0.22107755884526137,131a3d565f2f10c67413a81012477e22,0.0820770263671875
e1_synth_low_a0.15,synth_low,0.15,0.0,chelsea,0.27145727537576375,131a3d565f2f10c67413a81012477e22,0.0820770263671875
e1_synth_low_a0.15,synth_low,0.15,0.0,coins,0.2972313380943193,131a3d565f2f10c67413a81012477e22,0.0820770263671875
e1_synth_low_a0.15,synth_low,0.15,0.0,horse,0.0899126850256747,131a3d565f2f10c67413a81012477e22,0.0820770263671875
e1_synth_low_a0.15,synth_low,0.15,0.0,page,0.3245978914837299,131a3d565f2f10c67413a81012477e22,0.0820770263671875
e1_synth_low_a0.15,synth_low,0.15,0.0,rocket,0.23341919949618825,131a3d565f2f10c67413a81012477e22,0.0820770263671875
e1_synth_low_a0.15,synth_low,0.15,0.0,immunohistochemistry,0.4001991370362839,131a3d565f2f10c67413a81012477e22,0.0820770263671875
e1_synth_low_a0.15,synth_low,0.15,0.0,cell,0.013173193732082429,131a3d565f2f10c67413a81012477e22,0.0820770263671875
e1_synth_low_a0.15,synth_low,0.15,0.0,synth_sparse,0.07244161589209513,131a3d565f2f10c67413a81012477e22,0.0820770263671875
e1_synth_low_a0.15,synth_low,0.15,0.0,synth_low,0.11365513383676357,131a3d565f2f10c67413a81012477e22,0.0820770263671875
e1_synth_low_a0.15,synth_low,0.15,0.0,synth_mid,0.21977307591151363,131a3d565f2f10c67413a81012477e22,0.0820770263671875
e1_synth_low_a0.15,synth_low,0.15,0.0,synth_dense,0.29777693665990224,131a3d565f2f10c67413a81012477e22,0.0820770263671875
e1_synth_low_a0.15,synth_low,0.15,0.0,synth_veryd,0.38204366798087835,131a3d565f2f10c67413a81012477e22,0.0820770263671875
e1_synth_low_a1.0,synth_low,1.0,0.020050048828125,astronaut,0.21027280402342974,5a37c073005647c54b60e25d56202931,0.0241851806640625
e1_synth_low_a1.0,synth_low,1.0,0.020050048828125,camera,0.18205200737170618,5a37c073005647c54b60e25d56202931,0.0241851806640625
e1_synth_low_a1.0,synth_low,1.0,0.020050048828125,coffee,0.19492837838933164,5a37c073005647c54b60e25d56202931,0.0241851806640625
e1_synth_low_a1.0,synth_low,1.0,0.020050048828125,chelsea,0.1719858716161688,5a37c073005647c54b60e25d56202931,0.0241851806640625
e1_synth_low_a1.0,synth_low,1.0,0.020050048828125,coins,0.16261682727920707,5a37c073005647c54b60e25d56202931,0.0241851806640625
e1_synth_low_a1.0,synth_low,1.0,0.020050048828125,horse,0.08415169264110571,5a37c073005647c54b60e25d56202931,0.0241851806640625
e1_synth_low_a1.0,synth_low,1.0,0.020050048828125,page,0.15799696862537682,5a37c073005647c54b60e25d56202931,0.0241851806640625
e1_synth_low_a1.0,synth_low,1.0,0.020050048828125,rocket,0.04418735091622956,5a37c073005647c54b60e25d56202931,0.0241851806640625
e1_synth_low_a1.0,synth_low,1.0,0.020050048828125,immunohistochemistry,0.18704762390178384,5a37c073005647c54b60e25d56202931,0.0241851806640625
e1_synth_low_a1.0,synth_low,1.0,0.020050048828125,cell,0.008659144581474678,5a37c073005647c54b60e25d56202931,0.0241851806640625
e1_synth_low_a1.0,synth_low,1.0,0.020050048828125,synth_sparse,0.10959382063968702,5a37c073005647c54b60e25d56202931,0.0241851806640625
e1_synth_low_a1.0,synth_low,1.0,0.020050048828125,synth_low,0.830453852480114,5a37c073005647c54b60e25d56202931,0.0241851806640625
e1_synth_low_a1.0,synth_low,1.0,0.020050048828125,synth_mid,0.19513759589662452,5a37c073005647c54b60e25d56202931,0.0241851806640625
e1_synth_low_a1.0,synth_low,1.0,0.020050048828125,synth_dense,0.1806198392651236,5a37c073005647c54b60e25d56202931,0.0241851806640625
e1_synth_low_a1.0,synth_low,1.0,0.020050048828125,synth_veryd,0.2046638455571364,5a37c073005647c54b60e25d56202931,0.0241851806640625
e1_synth_mid_a0.15,synth_mid,0.15,0.0,astronaut,0.37432217455682953,131a3d565f2f10c67413a81012477e22,0.0820770263671875
e1_synth_mid_a0.15,synth_mid,0.15,0.0,camera,0.32748794824570454,131a3d565f2f10c67413a81012477e22,0.0820770263671875
e1_synth_mid_a0.15,synth_mid,0.15,0.0,coffee,0.22107755884526137,131a3d565f2f10c67413a81012477e22,0.0820770263671875
e1_synth_mid_a0.15,synth_mid,0.15,0.0,chelsea,0.27145727537576375,131a3d565f2f10c67413a81012477e22,0.0820770263671875
e1_synth_mid_a0.15,synth_mid,0.15,0.0,coins,0.2972313380943193,131a3d565f2f10c67413a81012477e22,0.0820770263671875
e1_synth_mid_a0.15,synth_mid,0.15,0.0,horse,0.0899126850256747,131a3d565f2f10c67413a81012477e22,0.0820770263671875
e1_synth_mid_a0.15,synth_mid,0.15,0.0,page,0.3245978914837299,131a3d565f2f10c67413a81012477e22,0.0820770263671875
e1_synth_mid_a0.15,synth_mid,0.15,0.0,rocket,0.23341919949618825,131a3d565f2f10c67413a81012477e22,0.0820770263671875
e1_synth_mid_a0.15,synth_mid,0.15,0.0,immunohistochemistry,0.4001991370362839,131a3d565f2f10c67413a81012477e22,0.0820770263671875
e1_synth_mid_a0.15,synth_mid,0.15,0.0,cell,0.013173193732082429,131a3d565f2f10c67413a81012477e22,0.0820770263671875
e1_synth_mid_a0.15,synth_mid,0.15,0.0,synth_sparse,0.07244161589209513,131a3d565f2f10c67413a81012477e22,0.0820770263671875
e1_synth_mid_a0.15,synth_mid,0.15,0.0,synth_low,0.11365513383676357,131a3d565f2f10c67413a81012477e22,0.0820770263671875
e1_synth_mid_a0.15,synth_mid,0.15,0.0,synth_mid,0.21977307591151363,131a3d565f2f10c67413a81012477e22,0.0820770263671875
e1_synth_mid_a0.15,synth_mid,0.15,0.0,synth_dense,0.29777693665990224,131a3d565f2f10c67413a81012477e22,0.0820770263671875
e1_synth_mid_a0.15,synth_mid,0.15,0.0,synth_veryd,0.38204366798087835,131a3d565f2f10c67413a81012477e22,0.0820770263671875
e1_synth_mid_a1.0,synth_mid,1.0,0.0467529296875,astronaut,0.3194976492569323,2704dba882b81d20b9d6a4c6b2e3f339,0.053592681884765625
e1_synth_mid_a1.0,synth_mid,1.0,0.0467529296875,camera,0.2624947012830238,2704dba882b81d20b9d6a4c6b2e3f339,0.053592681884765625
e1_synth_mid_a1.0,synth_mid,1.0,0.0467529296875,coffee,0.19932776160037807,2704dba882b81d20b9d6a4c6b2e3f339,0.053592681884765625
e1_synth_mid_a1.0,synth_mid,1.0,0.0467529296875,chelsea,0.27731102821646536,2704dba882b81d20b9d6a4c6b2e3f339,0.053592681884765625
e1_synth_mid_a1.0,synth_mid,1.0,0.0467529296875,coins,0.3229672156898168,2704dba882b81d20b9d6a4c6b2e3f339,0.053592681884765625
e1_synth_mid_a1.0,synth_mid,1.0,0.0467529296875,horse,0.09044237105526604,2704dba882b81d20b9d6a4c6b2e3f339,0.053592681884765625
e1_synth_mid_a1.0,synth_mid,1.0,0.0467529296875,page,0.20489988419784683,2704dba882b81d20b9d6a4c6b2e3f339,0.053592681884765625
e1_synth_mid_a1.0,synth_mid,1.0,0.0467529296875,rocket,0.17053791409176652,2704dba882b81d20b9d6a4c6b2e3f339,0.053592681884765625
e1_synth_mid_a1.0,synth_mid,1.0,0.0467529296875,immunohistochemistry,0.3723638045173579,2704dba882b81d20b9d6a4c6b2e3f339,0.053592681884765625
e1_synth_mid_a1.0,synth_mid,1.0,0.0467529296875,cell,0.01945643344392574,2704dba882b81d20b9d6a4c6b2e3f339,0.053592681884765625
e1_synth_mid_a1.0,synth_mid,1.0,0.0467529296875,synth_sparse,0.1674453813481178,2704dba882b81d20b9d6a4c6b2e3f339,0.053592681884765625
e1_synth_mid_a1.0,synth_mid,1.0,0.0467529296875,synth_low,0.21725709364945806,2704dba882b81d20b9d6a4c6b2e3f339,0.053592681884765625
e1_synth_mid_a1.0,synth_mid,1.0,0.0467529296875,synth_mid,0.8862382804367887,2704dba882b81d20b9d6a4c6b2e3f339,0.053592681884765625
e1_synth_mid_a1.0,synth_mid,1.0,0.0467529296875,synth_dense,0.3720566218378941,2704dba882b81d20b9d6a4c6b2e3f339,0.053592681884765625
e1_synth_mid_a1.0,synth_mid,1.0,0.0467529296875,synth_veryd,0.31894736955073694,2704dba882b81d20b9d6a4c6b2e3f339,0.053592681884765625
e1_synth_dense_a0.15,synth_dense,0.15,0.0,astronaut,0.37432217455682953,131a3d565f2f10c67413a81012477e22,0.0820770263671875
e1_synth_dense_a0.15,synth_dense,0.15,0.0,camera,0.32748794824570454,131a3d565f2f10c67413a81012477e22,0.0820770263671875
e1_synth_dense_a0.15,synth_dense,0.15,0.0,coffee,0.22107755884526137,131a3d565f2f10c67413a81012477e22,0.0820770263671875
e1_synth_dense_a0.15,synth_dense,0.15,0.0,chelsea,0.27145727537576375,131a3d565f2f10c67413a81012477e22,0.0820770263671875
e1_synth_dense_a0.15,synth_dense,0.15,0.0,coins,0.2972313380943193,131a3d565f2f10c67413a81012477e22,0.0820770263671875
e1_synth_dense_a0.15,synth_dense,0.15,0.0,horse,0.0899126850256747,131a3d565f2f10c67413a81012477e22,0.0820770263671875
e1_synth_dense_a0.15,synth_dense,0.15,0.0,page,0.3245978914837299,131a3d565f2f10c67413a81012477e22,0.0820770263671875
e1_synth_dense_a0.15,synth_dense,0.15,0.0,rocket,0.23341919949618825,131a3d565f2f10c67413a81012477e22,0.0820770263671875
e1_synth_dense_a0.15,synth_dense,0.15,0.0,immunohistochemistry,0.4001991370362839,131a3d565f2f10c67413a81012477e22,0.0820770263671875
e1_synth_dense_a0.15,synth_dense,0.15,0.0,cell,0.013173193732082429,131a3d565f2f10c67413a81012477e22,0.0820770263671875
e1_synth_dense_a0.15,synth_dense,0.15,0.0,synth_sparse,0.07244161589209513,131a3d565f2f10c67413a81012477e22,0.0820770263671875
e1_synth_dense_a0.15,synth_dense,0.15,0.0,synth_low,0.11365513383676357,131a3d565f2f10c67413a81012477e22,0.0820770263671875
e1_synth_dense_a0.15,synth_dense,0.15,0.0,synth_mid,0.21977307591151363,131a3d565f2f10c67413a81012477e22,0.0820770263671875
e1_synth_dense_a0.15,synth_dense,0.15,0.0,synth_dense,0.29777693665990224,131a3d565f2f10c67413a81012477e22,0.0820770263671875
e1_synth_dense_a0.15,synth_dense,0.15,0.0,synth_veryd,0.38204366798087835,131a3d565f2f10c67413a81012477e22,0.0820770263671875
e1_synth_dense_a1.0,synth_dense,1.0,0.08837890625,astronaut,0.48432938007455256,d2568e07d5afc05bb7b0a3e7475346bd,0.12444686889648438
e1_synth_dense_a1.0,synth_dense,1.0,0.08837890625,camera,0.35384176797688077,d2568e07d5afc05bb7b0a3e7475346bd,0.12444686889648438
e1_synth_dense_a1.0,synth_dense,1.0,0.08837890625,coffee,0.31704315903416347,d2568e07d5afc05bb7b0a3e7475346bd,0.12444686889648438
e1_synth_dense_a1.0,synth_dense,1.0,0.08837890625,chelsea,0.3598345937874959,d2568e07d5afc05bb7b0a3e7475346bd,0.12444686889648438
e1_synth_dense_a1.0,synth_dense,1.0,0.08837890625,coins,0.38521136357439195,d2568e07d5afc05bb7b0a3e7475346bd,0.12444686889648438
e1_synth_dense_a1.0,synth_dense,1.0,0.08837890625,horse,0.11755264396380966,d2568e07d5afc05bb7b0a3e7475346bd,0.12444686889648438
e1_synth_dense_a1.0,synth_dense,1.0,0.08837890625,page,0.38769536602131177,d2568e07d5afc05bb7b0a3e7475346bd,0.12444686889648438
e1_synth_dense_a1.0,synth_dense,1.0,0.08837890625,rocket,0.24191090429139508,d2568e07d5afc05bb7b0a3e7475346bd,0.12444686889648438
e1_synth_dense_a1.0,synth_dense,1.0,0.08837890625,immunohistochemistry,0.6248547443054655,d2568e07d5afc05bb7b0a3e7475346bd,0.12444686889648438
e1_synth_dense_a1.0,synth_dense,1.0,0.08837890625,cell,0.025707427717038853,d2568e07d5afc05bb7b0a3e7475346bd,0.12444686889648438
e1_synth_dense_a1.0,synth_dense,1.0,0.08837890625,synth_sparse,0.05865132412528758,d2568e07d5afc05bb7b0a3e7475346bd,0.12444686889648438
e1_synth_dense_a1.0,synth_dense,1.0,0.08837890625,synth_low,0.15056715645775734,d2568e07d5afc05bb7b0a3e7475346bd,0.12444686889648438
e1_synth_dense_a1.0,synth_dense,1.0,0.08837890625,synth_mid,0.3704735533153749,d2568e07d5afc05bb7b0a3e7475346bd,0.12444686889648438
e1_synth_dense_a1.0,synth_dense,1.0,0.08837890625,synth_dense,0.8627314286057562,d2568e07d5afc05bb7b0a3e7475346bd,0.12444686889648438
e1_synth_dense_a1.0,synth_dense,1.0,0.08837890625,synth_veryd,0.6137704711576416,d2568e07d5afc05bb7b0a3e7475346bd,0.12444686889648438
e1_synth_veryd_a0.15,synth_veryd,0.15,0.0,astronaut,0.37432217455682953,131a3d565f2f10c67413a81012477e22,0.0820770263671875
e1_synth_veryd_a0.15,synth_veryd,0.15,0.0,camera,0.32748794824570454,131a3d565f2f10c67413a81012477e22,0.0820770263671875
e1_synth_veryd_a0.15,synth_veryd,0.15,0.0,coffee,0.22107755884526137,131a3d565f2f10c67413a81012477e22,0.0820770263671875
e1_synth_veryd_a0.15,synth_veryd,0.15,0.0,chelsea,0.27145727537576375,131a3d565f2f10c67413a81012477e22,0.0820770263671875
e1_synth_veryd_a0.15,synth_veryd,0.15,0.0,coins,0.2972313380943193,131a3d565f2f10c67413a81012477e22,0.0820770263671875
e1_synth_veryd_a0.15,synth_veryd,0.15,0.0,horse,0.0899126850256747,131a3d565f2f10c67413a81012477e22,0.0820770263671875
e1_synth_veryd_a0.15,synth_veryd,0.15,0.0,page,0.3245978914837299,131a3d565f2f10c67413a81012477e22,0.0820770263671875
e1_synth_veryd_a0.15,synth_veryd,0.15,0.0,rocket,0.23341919949618825,131a3d565f2f10c67413a81012477e22,0.0820770263671875
e1_synth_veryd_a0.15,synth_veryd,0.15,0.0,immunohistochemistry,0.4001991370362839,131a3d565f2f10c67413a81012477e22,0.0820770263671875
e1_synth_veryd_a0.15,synth_veryd,0.15,0.0,cell,0.013173193732082429,131a3d565f2f10c67413a81012477e22,0.0820770263671875
e1_synth_veryd_a0.15,synth_veryd,0.15,0.0,synth_sparse,0.07244161589209513,131a3d565f2f10c67413a81012477e22,0.0820770263671875
e1_synth_veryd_a0.15,synth_veryd,0.15,0.0,synth_low,0.11365513383676357,131a3d565f2f10c67413a81012477e22,0.0820770263671875
e1_synth_veryd_a0.15,synth_veryd,0.15,0.0,synth_mid,0.21977307591151363,131a3d565f2f10c67413a81012477e22,0.0820770263671875
e1_synth_veryd_a0.15,synth_veryd,0.15,0.0,synth_dense,0.29777693665990224,131a3d565f2f10c67413a81012477e22,0.0820770263671875
e1_synth_veryd_a0.15,synth_veryd,0.15,0.0,synth_veryd,0.38204366798087835,131a3d565f2f10c67413a81012477e22,0.0820770263671875
e1_synth_veryd_a1.0,synth_veryd,1.0,0.131591796875,astronaut,0.5110124097006451,5923893b41b8e878190e18ecb14d1440,0.16665267944335938
e1_synth_veryd_a1.0,synth_veryd,1.0,0.131591796875,camera,0.4185628887186593,5923893b41b8e878190e18ecb14d1440,0.16665267944335938
e1_synth_veryd_a1.0,synth_veryd,1.0,0.131591796875,coffee,0.3712970940084259,5923893b41b8e878190e18ecb14d1440,0.16665267944335938
e1_synth_veryd_a1.0,synth_veryd,1.0,0.131591796875,chelsea,0.3455787163317582,5923893b41b8e878190e18ecb14d1440,0.16665267944335938
e1_synth_veryd_a1.0,synth_veryd,1.0,0.131591796875,coins,0.43876880161920956,5923893b41b8e878190e18ecb14d1440,0.16665267944335938
e1_synth_veryd_a1.0,synth_veryd,1.0,0.131591796875,horse,0.13305327887516963,5923893b41b8e878190e18ecb14d1440,0.16665267944335938
e1_synth_veryd_a1.0,synth_veryd,1.0,0.131591796875,page,0.4335618919798232,5923893b41b8e878190e18ecb14d1440,0.16665267944335938
e1_synth_veryd_a1.0,synth_veryd,1.0,0.131591796875,rocket,0.27846891080491887,5923893b41b8e878190e18ecb14d1440,0.16665267944335938
e1_synth_veryd_a1.0,synth_veryd,1.0,0.131591796875,immunohistochemistry,0.6963229336331987,5923893b41b8e878190e18ecb14d1440,0.16665267944335938
e1_synth_veryd_a1.0,synth_veryd,1.0,0.131591796875,cell,0.022417885939324197,5923893b41b8e878190e18ecb14d1440,0.16665267944335938
e1_synth_veryd_a1.0,synth_veryd,1.0,0.131591796875,synth_sparse,0.0645655559139397,5923893b41b8e878190e18ecb14d1440,0.16665267944335938
e1_synth_veryd_a1.0,synth_veryd,1.0,0.131591796875,synth_low,0.1710159437921661,5923893b41b8e878190e18ecb14d1440,0.16665267944335938
e1_synth_veryd_a1.0,synth_veryd,1.0,0.131591796875,synth_mid,0.28138674095746646,5923893b41b8e878190e18ecb14d1440,0.16665267944335938
e1_synth_veryd_a1.0,synth_veryd,1.0,0.131591796875,synth_dense,0.5096098300450558,5923893b41b8e878190e18ecb14d1440,0.16665267944335938
e1_synth_veryd_a1.0,synth_veryd,1.0,0.131591796875,synth_veryd,0.9573572325077055,5923893b41b8e878190e18ecb14d1440,0.16665267944335938
e1_astronaut_a1.0,astronaut,1.0,0.0900001525878906,astronaut,0.8005724483366793,50ad4be9209fc59e8684d0391472eaf4,0.06668853759765625
e1_astronaut_a1.0,astronaut,1.0,0.0900001525878906,camera,0.36475461865123715,50ad4be9209fc59e8684d0391472eaf4,0.06668853759765625
e1_astronaut_a1.0,astronaut,1.0,0.0900001525878906,coffee,0.3079898578766269,50ad4be9209fc59e8684d0391472eaf4,0.06668853759765625
e1_astronaut_a1.0,astronaut,1.0,0.0900001525878906,chelsea,0.2353124080144372,50ad4be9209fc59e8684d0391472eaf4,0.06668853759765625
e1_astronaut_a1.0,astronaut,1.0,0.0900001525878906,coins,0.2882580658937683,50ad4be9209fc59e8684d0391472eaf4,0.06668853759765625
e1_astronaut_a1.0,astronaut,1.0,0.0900001525878906,horse,0.09782149895094466,50ad4be9209fc59e8684d0391472eaf4,0.06668853759765625
e1_astronaut_a1.0,astronaut,1.0,0.0900001525878906,page,0.2963781166988835,50ad4be9209fc59e8684d0391472eaf4,0.06668853759765625
e1_astronaut_a1.0,astronaut,1.0,0.0900001525878906,rocket,0.20406385857384715,50ad4be9209fc59e8684d0391472eaf4,0.06668853759765625
e1_astronaut_a1.0,astronaut,1.0,0.0900001525878906,immunohistochemistry,0.4041427635082703,50ad4be9209fc59e8684d0391472eaf4,0.06668853759765625
e1_astronaut_a1.0,astronaut,1.0,0.0900001525878906,cell,0.01604164345827046,50ad4be9209fc59e8684d0391472eaf4,0.06668853759765625
e1_astronaut_a1.0,astronaut,1.0,0.0900001525878906,synth_sparse,0.04812203925776543,50ad4be9209fc59e8684d0391472eaf4,0.06668853759765625
e1_astronaut_a1.0,astronaut,1.0,0.0900001525878906,synth_low,0.17599220234278573,50ad4be9209fc59e8684d0391472eaf4,0.06668853759765625
e1_astronaut_a1.0,astronaut,1.0,0.0900001525878906,synth_mid,0.24695782228810487,50ad4be9209fc59e8684d0391472eaf4,0.06668853759765625
e1_astronaut_a1.0,astronaut,1.0,0.0900001525878906,synth_dense,0.33885783253657376,50ad4be9209fc59e8684d0391472eaf4,0.06668853759765625
e1_astronaut_a1.0,astronaut,1.0,0.0900001525878906,synth_veryd,0.39754463142217944,50ad4be9209fc59e8684d0391472eaf4,0.06668853759765625
e1_camera_a0.15,camera,0.15,0.0,astronaut,0.10941928874815149,b93c9db40a03d6eb4237a5b347fca4a9,0.017635345458984375
e1_camera_a0.15,camera,0.15,0.0,camera,0.17996890476592547,b93c9db40a03d6eb4237a5b347fca4a9,0.017635345458984375
e1_camera_a0.15,camera,0.15,0.0,coffee,0.12522010170609835,b93c9db40a03d6eb4237a5b347fca4a9,0.017635345458984375
e1_camera_a0.15,camera,0.15,0.0,chelsea,0.07745232196504367,b93c9db40a03d6eb4237a5b347fca4a9,0.017635345458984375
e1_camera_a0.15,camera,0.15,0.0,coins,0.15165381703228006,b93c9db40a03d6eb4237a5b347fca4a9,0.017635345458984375
e1_camera_a0.15,camera,0.15,0.0,horse,0.04799242266621488,b93c9db40a03d6eb4237a5b347fca4a9,0.017635345458984375
e1_camera_a0.15,camera,0.15,0.0,page,0.09998097517296799,b93c9db40a03d6eb4237a5b347fca4a9,0.017635345458984375
e1_camera_a0.15,camera,0.15,0.0,rocket,0.16782087849372324,b93c9db40a03d6eb4237a5b347fca4a9,0.017635345458984375
e1_camera_a0.15,camera,0.15,0.0,immunohistochemistry,0.13850454948887428,b93c9db40a03d6eb4237a5b347fca4a9,0.017635345458984375
e1_camera_a0.15,camera,0.15,0.0,cell,0.03505642854946339,b93c9db40a03d6eb4237a5b347fca4a9,0.017635345458984375
e1_camera_a0.15,camera,0.15,0.0,synth_sparse,0.04126251219541628,b93c9db40a03d6eb4237a5b347fca4a9,0.017635345458984375
e1_camera_a0.15,camera,0.15,0.0,synth_low,0.10578019942828769,b93c9db40a03d6eb4237a5b347fca4a9,0.017635345458984375
e1_camera_a0.15,camera,0.15,0.0,synth_mid,0.1407362451570659,b93c9db40a03d6eb4237a5b347fca4a9,0.017635345458984375
e1_camera_a0.15,camera,0.15,0.0,synth_dense,0.1642256887385553,b93c9db40a03d6eb4237a5b347fca4a9,0.017635345458984375
e1_camera_a0.15,camera,0.15,0.0,synth_veryd,0.1564833793268498,b93c9db40a03d6eb4237a5b347fca4a9,0.017635345458984375
e1_camera_a1.0,camera,1.0,0.0750961303710937,astronaut,0.4602160937373271,cc8ff983f25b164b00baf1c76d5fecc6,0.10298919677734375
e1_camera_a1.0,camera,1.0,0.0750961303710937,camera,0.757708008737944,cc8ff983f25b164b00baf1c76d5fecc6,0.10298919677734375
e1_camera_a1.0,camera,1.0,0.0750961303710937,coffee,0.3560636173384739,cc8ff983f25b164b00baf1c76d5fecc6,0.10298919677734375
e1_camera_a1.0,camera,1.0,0.0750961303710937,chelsea,0.23349335302490665,cc8ff983f25b164b00baf1c76d5fecc6,0.10298919677734375
e1_camera_a1.0,camera,1.0,0.0750961303710937,coins,0.38313325437364093,cc8ff983f25b164b00baf1c76d5fecc6,0.10298919677734375
e1_camera_a1.0,camera,1.0,0.0750961303710937,horse,0.11907864099703641,cc8ff983f25b164b00baf1c76d5fecc6,0.10298919677734375
e1_camera_a1.0,camera,1.0,0.0750961303710937,page,0.3260802676083721,cc8ff983f25b164b00baf1c76d5fecc6,0.10298919677734375
e1_camera_a1.0,camera,1.0,0.0750961303710937,rocket,0.33254009929352707,cc8ff983f25b164b00baf1c76d5fecc6,0.10298919677734375
e1_camera_a1.0,camera,1.0,0.0750961303710937,immunohistochemistry,0.5011590079083229,cc8ff983f25b164b00baf1c76d5fecc6,0.10298919677734375
e1_camera_a1.0,camera,1.0,0.0750961303710937,cell,0.009919992195104104,cc8ff983f25b164b00baf1c76d5fecc6,0.10298919677734375
e1_camera_a1.0,camera,1.0,0.0750961303710937,synth_sparse,0.07599762664057305,cc8ff983f25b164b00baf1c76d5fecc6,0.10298919677734375
e1_camera_a1.0,camera,1.0,0.0750961303710937,synth_low,0.13462020182076495,cc8ff983f25b164b00baf1c76d5fecc6,0.10298919677734375
e1_camera_a1.0,camera,1.0,0.0750961303710937,synth_mid,0.2481245119255545,cc8ff983f25b164b00baf1c76d5fecc6,0.10298919677734375
e1_camera_a1.0,camera,1.0,0.0750961303710937,synth_dense,0.3451633896323983,cc8ff983f25b164b00baf1c76d5fecc6,0.10298919677734375
e1_camera_a1.0,camera,1.0,0.0750961303710937,synth_veryd,0.4633137193598834,cc8ff983f25b164b00baf1c76d5fecc6,0.10298919677734375
e1_coffee_a1.0,coffee,1.0,0.0585861206054687,astronaut,0.23586152061780483,97e2808ed9b968981fc4fce81cdb960e,0.03119659423828125
e1_coffee_a1.0,coffee,1.0,0.0585861206054687,camera,0.3046916405283571,97e2808ed9b968981fc4fce81cdb960e,0.03119659423828125
e1_coffee_a1.0,coffee,1.0,0.0585861206054687,coffee,0.6568056343088631,97e2808ed9b968981fc4fce81cdb960e,0.03119659423828125
e1_coffee_a1.0,coffee,1.0,0.0585861206054687,chelsea,0.17091277086990375,97e2808ed9b968981fc4fce81cdb960e,0.03119659423828125
e1_coffee_a1.0,coffee,1.0,0.0585861206054687,coins,0.22580441021335793,97e2808ed9b968981fc4fce81cdb960e,0.03119659423828125
e1_coffee_a1.0,coffee,1.0,0.0585861206054687,horse,0.07798417560632837,97e2808ed9b968981fc4fce81cdb960e,0.03119659423828125
e1_coffee_a1.0,coffee,1.0,0.0585861206054687,page,0.20131797806252613,97e2808ed9b968981fc4fce81cdb960e,0.03119659423828125
e1_coffee_a1.0,coffee,1.0,0.0585861206054687,rocket,0.16825106200074802,97e2808ed9b968981fc4fce81cdb960e,0.03119659423828125
e1_coffee_a1.0,coffee,1.0,0.0585861206054687,immunohistochemistry,0.2512726711699685,97e2808ed9b968981fc4fce81cdb960e,0.03119659423828125
e1_coffee_a1.0,coffee,1.0,0.0585861206054687,cell,0.0179089273780188,97e2808ed9b968981fc4fce81cdb960e,0.03119659423828125
e1_coffee_a1.0,coffee,1.0,0.0585861206054687,synth_sparse,0.10392298587665626,97e2808ed9b968981fc4fce81cdb960e,0.03119659423828125
e1_coffee_a1.0,coffee,1.0,0.0585861206054687,synth_low,0.16102637638570166,97e2808ed9b968981fc4fce81cdb960e,0.03119659423828125
e1_coffee_a1.0,coffee,1.0,0.0585861206054687,synth_mid,0.1620502580725008,97e2808ed9b968981fc4fce81cdb960e,0.03119659423828125
e1_coffee_a1.0,coffee,1.0,0.0585861206054687,synth_dense,0.22550945564433614,97e2808ed9b968981fc4fce81cdb960e,0.03119659423828125
e1_coffee_a1.0,coffee,1.0,0.0585861206054687,synth_veryd,0.26060844020847784,97e2808ed9b968981fc4fce81cdb960e,0.03119659423828125
e1_chelsea_a0.15,chelsea,0.15,0.0,astronaut,0.3303004579506745,dd6dfb547304f2484cfd1508e5b2653a,0.08625030517578125
e1_chelsea_a0.15,chelsea,0.15,0.0,camera,0.2508469921855137,dd6dfb547304f2484cfd1508e5b2653a,0.08625030517578125
e1_chelsea_a0.15,chelsea,0.15,0.0,coffee,0.20382045145555086,dd6dfb547304f2484cfd1508e5b2653a,0.08625030517578125
e1_chelsea_a0.15,chelsea,0.15,0.0,chelsea,0.2871545642839197,dd6dfb547304f2484cfd1508e5b2653a,0.08625030517578125
e1_chelsea_a0.15,chelsea,0.15,0.0,coins,0.29541814393589527,dd6dfb547304f2484cfd1508e5b2653a,0.08625030517578125
e1_chelsea_a0.15,chelsea,0.15,0.0,horse,0.07804264229883018,dd6dfb547304f2484cfd1508e5b2653a,0.08625030517578125
e1_chelsea_a0.15,chelsea,0.15,0.0,page,0.3881947317812647,dd6dfb547304f2484cfd1508e5b2653a,0.08625030517578125
e1_chelsea_a0.15,chelsea,0.15,0.0,rocket,0.10028223033811794,dd6dfb547304f2484cfd1508e5b2653a,0.08625030517578125
e1_chelsea_a0.15,chelsea,0.15,0.0,immunohistochemistry,0.44392798523145766,dd6dfb547304f2484cfd1508e5b2653a,0.08625030517578125
e1_chelsea_a0.15,chelsea,0.15,0.0,cell,0.028969580662473834,dd6dfb547304f2484cfd1508e5b2653a,0.08625030517578125
e1_chelsea_a0.15,chelsea,0.15,0.0,synth_sparse,0.08244023019970881,dd6dfb547304f2484cfd1508e5b2653a,0.08625030517578125
e1_chelsea_a0.15,chelsea,0.15,0.0,synth_low,0.16105234796036735,dd6dfb547304f2484cfd1508e5b2653a,0.08625030517578125
e1_chelsea_a0.15,chelsea,0.15,0.0,synth_mid,0.27339645335753243,dd6dfb547304f2484cfd1508e5b2653a,0.08625030517578125
e1_chelsea_a0.15,chelsea,0.15,0.0,synth_dense,0.35673940978366414,dd6dfb547304f2484cfd1508e5b2653a,0.08625030517578125
e1_chelsea_a0.15,chelsea,0.15,0.0,synth_veryd,0.4097136620489354,dd6dfb547304f2484cfd1508e5b2653a,0.08625030517578125
e1_chelsea_a0.3,chelsea,0.3,0.0,astronaut,0.3303004579506745,dd6dfb547304f2484cfd1508e5b2653a,0.08625030517578125
e1_chelsea_a0.3,chelsea,0.3,0.0,camera,0.2508469921855137,dd6dfb547304f2484cfd1508e5b2653a,0.08625030517578125
e1_chelsea_a0.3,chelsea,0.3,0.0,coffee,0.20382045145555086,dd6dfb547304f2484cfd1508e5b2653a,0.08625030517578125
e1_chelsea_a0.3,chelsea,0.3,0.0,chelsea,0.2871545642839197,dd6dfb547304f2484cfd1508e5b2653a,0.08625030517578125
e1_chelsea_a0.3,chelsea,0.3,0.0,coins,0.29541814393589527,dd6dfb547304f2484cfd1508e5b2653a,0.08625030517578125
e1_chelsea_a0.3,chelsea,0.3,0.0,horse,0.07804264229883018,dd6dfb547304f2484cfd1508e5b2653a,0.08625030517578125
e1_chelsea_a0.3,chelsea,0.3,0.0,page,0.3881947317812647,dd6dfb547304f2484cfd1508e5b2653a,0.08625030517578125
e1_chelsea_a0.3,chelsea,0.3,0.0,rocket,0.10028223033811794,dd6dfb547304f2484cfd1508e5b2653a,0.08625030517578125
e1_chelsea_a0.3,chelsea,0.3,0.0,immunohistochemistry,0.44392798523145766,dd6dfb547304f2484cfd1508e5b2653a,0.08625030517578125
e1_chelsea_a0.3,chelsea,0.3,0.0,cell,0.028969580662473834,dd6dfb547304f2484cfd1508e5b2653a,0.08625030517578125
e1_chelsea_a0.3,chelsea,0.3,0.0,synth_sparse,0.08244023019970881,dd6dfb547304f2484cfd1508e5b2653a,0.08625030517578125
e1_chelsea_a0.3,chelsea,0.3,0.0,synth_low,0.16105234796036735,dd6dfb547304f2484cfd1508e5b2653a,0.08625030517578125
e1_chelsea_a0.3,chelsea,0.3,0.0,synth_mid,0.27339645335753243,dd6dfb547304f2484cfd1508e5b2653a,0.08625030517578125
e1_chelsea_a0.3,chelsea,0.3,0.0,synth_dense,0.35673940978366414,dd6dfb547304f2484cfd1508e5b2653a,0.08625030517578125
e1_chelsea_a0.3,chelsea,0.3,0.0,synth_veryd,0.4097136620489354,dd6dfb547304f2484cfd1508e5b2653a,0.08625030517578125
e1_chelsea_a1.0,chelsea,1.0,0.0443344116210937,astronaut,0.39775206892610177,b1b2d1fda198a0a26c18f44d6a1444c7,0.08224105834960938
e1_chelsea_a1.0,chelsea,1.0,0.0443344116210937,camera,0.24327962724236427,b1b2d1fda198a0a26c18f44d6a1444c7,0.08224105834960938
e1_chelsea_a1.0,chelsea,1.0,0.0443344116210937,coffee,0.27076398522895073,b1b2d1fda198a0a26c18f44d6a1444c7,0.08224105834960938
e1_chelsea_a1.0,chelsea,1.0,0.0443344116210937,chelsea,0.6284123140900978,b1b2d1fda198a0a26c18f44d6a1444c7,0.08224105834960938
e1_chelsea_a1.0,chelsea,1.0,0.0443344116210937,coins,0.28491130320495833,b1b2d1fda198a0a26c18f44d6a1444c7,0.08224105834960938
e1_chelsea_a1.0,chelsea,1.0,0.0443344116210937,horse,0.08186673377562838,b1b2d1fda198a0a26c18f44d6a1444c7,0.08224105834960938
e1_chelsea_a1.0,chelsea,1.0,0.0443344116210937,page,0.3881755354688776,b1b2d1fda198a0a26c18f44d6a1444c7,0.08224105834960938
e1_chelsea_a1.0,chelsea,1.0,0.0443344116210937,rocket,0.13042455085161825,b1b2d1fda198a0a26c18f44d6a1444c7,0.08224105834960938
e1_chelsea_a1.0,chelsea,1.0,0.0443344116210937,immunohistochemistry,0.5102246981972975,b1b2d1fda198a0a26c18f44d6a1444c7,0.08224105834960938
e1_chelsea_a1.0,chelsea,1.0,0.0443344116210937,cell,0.012916148397678196,b1b2d1fda198a0a26c18f44d6a1444c7,0.08224105834960938
e1_chelsea_a1.0,chelsea,1.0,0.0443344116210937,synth_sparse,0.1001203363730463,b1b2d1fda198a0a26c18f44d6a1444c7,0.08224105834960938
e1_chelsea_a1.0,chelsea,1.0,0.0443344116210937,synth_low,0.21430330850552956,b1b2d1fda198a0a26c18f44d6a1444c7,0.08224105834960938
e1_chelsea_a1.0,chelsea,1.0,0.0443344116210937,synth_mid,0.3240134330495781,b1b2d1fda198a0a26c18f44d6a1444c7,0.08224105834960938
e1_chelsea_a1.0,chelsea,1.0,0.0443344116210937,synth_dense,0.40696160651877356,b1b2d1fda198a0a26c18f44d6a1444c7,0.08224105834960938
e1_chelsea_a1.0,chelsea,1.0,0.0443344116210937,synth_veryd,0.47225948639550136,b1b2d1fda198a0a26c18f44d6a1444c7,0.08224105834960938
e1_coins_a0.15,coins,0.15,0.0,astronaut,0.5408851364314579,db752fdd950588ab6fe8c42c14b73687,0.19516754150390625
e1_coins_a0.15,coins,0.15,0.0,camera,0.4105315776021126,db752fdd950588ab6fe8c42c14b73687,0.19516754150390625
e1_coins_a0.15,coins,0.15,0.0,coffee,0.36107494869515955,db752fdd950588ab6fe8c42c14b73687,0.19516754150390625
e1_coins_a0.15,coins,0.15,0.0,chelsea,0.3310364507240923,db752fdd950588ab6fe8c42c14b73687,0.19516754150390625
e1_coins_a0.15,coins,0.15,0.0,coins,0.43384162551168254,db752fdd950588ab6fe8c42c14b73687,0.19516754150390625
e1_coins_a0.15,coins,0.15,0.0,horse,0.12328191205220225,db752fdd950588ab6fe8c42c14b73687,0.19516754150390625
e1_coins_a0.15,coins,0.15,0.0,page,0.4385131261451607,db752fdd950588ab6fe8c42c14b73687,0.19516754150390625
e1_coins_a0.15,coins,0.15,0.0,rocket,0.2654475734903421,db752fdd950588ab6fe8c42c14b73687,0.19516754150390625
e1_coins_a0.15,coins,0.15,0.0,immunohistochemistry,0.7109029890585574,db752fdd950588ab6fe8c42c14b73687,0.19516754150390625
e1_coins_a0.15,coins,0.15,0.0,cell,0.02081013094315303,db752fdd950588ab6fe8c42c14b73687,0.19516754150390625
e1_coins_a0.15,coins,0.15,0.0,synth_sparse,0.05719925151229302,db752fdd950588ab6fe8c42c14b73687,0.19516754150390625
e1_coins_a0.15,coins,0.15,0.0,synth_low,0.14925000256320825,db752fdd950588ab6fe8c42c14b73687,0.19516754150390625
e1_coins_a0.15,coins,0.15,0.0,synth_mid,0.2761778931330221,db752fdd950588ab6fe8c42c14b73687,0.19516754150390625
e1_coins_a0.15,coins,0.15,0.0,synth_dense,0.4513133686606591,db752fdd950588ab6fe8c42c14b73687,0.19516754150390625
e1_coins_a0.15,coins,0.15,0.0,synth_veryd,0.6228846626887071,db752fdd950588ab6fe8c42c14b73687,0.19516754150390625
e1_coins_a1.0,coins,1.0,0.0742835998535156,astronaut,0.3803907606947866,79675848160bd8a29aa121ec450108a2,0.11294174194335938
e1_coins_a1.0,coins,1.0,0.0742835998535156,camera,0.3937402077518372,79675848160bd8a29aa121ec450108a2,0.11294174194335938
e1_coins_a1.0,coins,1.0,0.0742835998535156,coffee,0.30024581118161964,79675848160bd8a29aa121ec450108a2,0.11294174194335938
e1_coins_a1.0,coins,1.0,0.0742835998535156,chelsea,0.25235100721867476,79675848160bd8a29aa121ec450108a2,0.11294174194335938
e1_coins_a1.0,coins,1.0,0.0742835998535156,coins,0.8699296862579348,79675848160bd8a29aa121ec450108a2,0.11294174194335938
e1_coins_a1.0,coins,1.0,0.0742835998535156,horse,0.13173130376027362,79675848160bd8a29aa121ec450108a2,0.11294174194335938
e1_coins_a1.0,coins,1.0,0.0742835998535156,page,0.35340782309688873,79675848160bd8a29aa121ec450108a2,0.11294174194335938
e1_coins_a1.0,coins,1.0,0.0742835998535156,rocket,0.26540175314295456,79675848160bd8a29aa121ec450108a2,0.11294174194335938
e1_coins_a1.0,coins,1.0,0.0742835998535156,immunohistochemistry,0.49757165807573717,79675848160bd8a29aa121ec450108a2,0.11294174194335938
e1_coins_a1.0,coins,1.0,0.0742835998535156,cell,0.014972766033967922,79675848160bd8a29aa121ec450108a2,0.11294174194335938
e1_coins_a1.0,coins,1.0,0.0742835998535156,synth_sparse,0.06525279012031543,79675848160bd8a29aa121ec450108a2,0.11294174194335938
e1_coins_a1.0,coins,1.0,0.0742835998535156,synth_low,0.1469386435905122,79675848160bd8a29aa121ec450108a2,0.11294174194335938
e1_coins_a1.0,coins,1.0,0.0742835998535156,synth_mid,0.25641858700520137,79675848160bd8a29aa121ec450108a2,0.11294174194335938
e1_coins_a1.0,coins,1.0,0.0742835998535156,synth_dense,0.3757087482626472,79675848160bd8a29aa121ec450108a2,0.11294174194335938
e1_coins_a1.0,coins,1.0,0.0742835998535156,synth_veryd,0.49590614620351714,79675848160bd8a29aa121ec450108a2,0.11294174194335938
e1_horse_a1.0,horse,1.0,0.0129737854003906,astronaut,0.10089331957640231,37403d6fd60aab612c009b38db9f2239,0.011623382568359375
e1_horse_a1.0,horse,1.0,0.0129737854003906,camera,0.09991150247329122,37403d6fd60aab612c009b38db9f2239,0.011623382568359375
e1_horse_a1.0,horse,1.0,0.0129737854003906,coffee,0.07982894423255231,37403d6fd60aab612c009b38db9f2239,0.011623382568359375
e1_horse_a1.0,horse,1.0,0.0129737854003906,chelsea,0.07203474070620208,37403d6fd60aab612c009b38db9f2239,0.011623382568359375
e1_horse_a1.0,horse,1.0,0.0129737854003906,coins,0.1144295953110488,37403d6fd60aab612c009b38db9f2239,0.011623382568359375
e1_horse_a1.0,horse,1.0,0.0129737854003906,horse,0.9749597751364836,37403d6fd60aab612c009b38db9f2239,0.011623382568359375
e1_horse_a1.0,horse,1.0,0.0129737854003906,page,0.08910084519886463,37403d6fd60aab612c009b38db9f2239,0.011623382568359375
e1_horse_a1.0,horse,1.0,0.0129737854003906,rocket,0.09099096508889212,37403d6fd60aab612c009b38db9f2239,0.011623382568359375
e1_horse_a1.0,horse,1.0,0.0129737854003906,immunohistochemistry,0.12006978837997054,37403d6fd60aab612c009b38db9f2239,0.011623382568359375
e1_horse_a1.0,horse,1.0,0.0129737854003906,cell,0.006389776357827476,37403d6fd60aab612c009b38db9f2239,0.011623382568359375
e1_horse_a1.0,horse,1.0,0.0129737854003906,synth_sparse,0.013653071941186768,37403d6fd60aab612c009b38db9f2239,0.011623382568359375
e1_horse_a1.0,horse,1.0,0.0129737854003906,synth_low,0.0950757633967793,37403d6fd60aab612c009b38db9f2239,0.011623382568359375
e1_horse_a1.0,horse,1.0,0.0129737854003906,synth_mid,0.09777563561874925,37403d6fd60aab612c009b38db9f2239,0.011623382568359375
e1_horse_a1.0,horse,1.0,0.0129737854003906,synth_dense,0.10938573999922378,37403d6fd60aab612c009b38db9f2239,0.011623382568359375
e1_horse_a1.0,horse,1.0,0.0129737854003906,synth_veryd,0.12460923129445906,37403d6fd60aab612c009b38db9f2239,0.011623382568359375
e1_page_a0.15,page,0.15,0.0,astronaut,0.5458409414072732,6a6783f572d971e3435058cd849bc1ee,0.24131011962890625
e1_page_a0.15,page,0.15,0.0,camera,0.44617984408703537,6a6783f572d971e3435058cd849bc1ee,0.24131011962890625
e1_page_a0.15,page,0.15,0.0,coffee,0.3653205385344305,6a6783f572d971e3435058cd849bc1ee,0.24131011962890625
e1_page_a0.15,page,0.15,0.0,chelsea,0.3748995323678663,6a6783f572d971e3435058cd849bc1ee,0.24131011962890625
e1_page_a0.15,page,0.15,0.0,coins,0.40747549184285975,6a6783f572d971e3435058cd849bc1ee,0.24131011962890625
e1_page_a0.15,page,0.15,0.0,horse,0.11087538075960937,6a6783f572d971e3435058cd849bc1ee,0.24131011962890625
e1_page_a0.15,page,0.15,0.0,page,0.4296031411012788,6a6783f572d971e3435058cd849bc1ee,0.24131011962890625
e1_page_a0.15,page,0.15,0.0,rocket,0.3023784778309108,6a6783f572d971e3435058cd849bc1ee,0.24131011962890625
e1_page_a0.15,page,0.15,0.0,immunohistochemistry,0.7633494131289172,6a6783f572d971e3435058cd849bc1ee,0.24131011962890625
e1_page_a0.15,page,0.15,0.0,cell,0.022232373108820615,6a6783f572d971e3435058cd849bc1ee,0.24131011962890625
e1_page_a0.15,page,0.15,0.0,synth_sparse,0.06690905563067168,6a6783f572d971e3435058cd849bc1ee,0.24131011962890625
e1_page_a0.15,page,0.15,0.0,synth_low,0.16038199557823976,6a6783f572d971e3435058cd849bc1ee,0.24131011962890625
e1_page_a0.15,page,0.15,0.0,synth_mid,0.3347271114798555,6a6783f572d971e3435058cd849bc1ee,0.24131011962890625
e1_page_a0.15,page,0.15,0.0,synth_dense,0.5033701140895525,6a6783f572d971e3435058cd849bc1ee,0.24131011962890625
e1_page_a0.15,page,0.15,0.0,synth_veryd,0.6636889747406302,6a6783f572d971e3435058cd849bc1ee,0.24131011962890625
e1_page_a1.0,page,1.0,0.0868721008300781,astronaut,0.4956177219582885,210f125cec74dd6d34ee54f772a63e86,0.1758880615234375
e1_page_a1.0,page,1.0,0.0868721008300781,camera,0.3928255286472034,210f125cec74dd6d34ee54f772a63e86,0.1758880615234375
e1_page_a1.0,page,1.0,0.0868721008300781,coffee,0.3846258196998975,210f125cec74dd6d34ee54f772a63e86,0.1758880615234375
e1_page_a1.0,page,1.0,0.0868721008300781,chelsea,0.27924850507980314,210f125cec74dd6d34ee54f772a63e86,0.1758880615234375
e1_page_a1.0,page,1.0,0.0868721008300781,coins,0.4062763069999274,210f125cec74dd6d34ee54f772a63e86,0.1758880615234375
e1_page_a1.0,page,1.0,0.0868721008300781,horse,0.10468567652510116,210f125cec74dd6d34ee54f772a63e86,0.1758880615234375
e1_page_a1.0,page,1.0,0.0868721008300781,page,0.7269574585963356,210f125cec74dd6d34ee54f772a63e86,0.1758880615234375
e1_page_a1.0,page,1.0,0.0868721008300781,rocket,0.24885816376318315,210f125cec74dd6d34ee54f772a63e86,0.1758880615234375
e1_page_a1.0,page,1.0,0.0868721008300781,immunohistochemistry,0.6614461296478761,210f125cec74dd6d34ee54f772a63e86,0.1758880615234375
e1_page_a1.0,page,1.0,0.0868721008300781,cell,0.018807827545969928,210f125cec74dd6d34ee54f772a63e86,0.1758880615234375
e1_page_a1.0,page,1.0,0.0868721008300781,synth_sparse,0.06612344482120441,210f125cec74dd6d34ee54f772a63e86,0.1758880615234375
e1_page_a1.0,page,1.0,0.0868721008300781,synth_low,0.14374129933182986,210f125cec74dd6d34ee54f772a63e86,0.1758880615234375
e1_page_a1.0,page,1.0,0.0868721008300781,synth_mid,0.23273952822349528,210f125cec74dd6d34ee54f772a63e86,0.1758880615234375
e1_page_a1.0,page,1.0,0.0868721008300781,synth_dense,0.41446546178894017,210f125cec74dd6d34ee54f772a63e86,0.1758880615234375
e1_page_a1.0,page,1.0,0.0868721008300781,synth_veryd,0.584304318430631,210f125cec74dd6d34ee54f772a63e86,0.1758880615234375
e1_rocket_a0.15,rocket,0.15,0.0,astronaut,0.10615006664919875,fdc3ba13bff4582111a378fde86827c3,0.007404327392578125
e1_rocket_a0.15,rocket,0.15,0.0,camera,0.10270507546263255,fdc3ba13bff4582111a378fde86827c3,0.007404327392578125
e1_rocket_a0.15,rocket,0.15,0.0,coffee,0.03173562058526741,fdc3ba13bff4582111a378fde86827c3,0.007404327392578125
e1_rocket_a0.15,rocket,0.15,0.0,chelsea,0.02553157923529943,fdc3ba13bff4582111a378fde86827c3,0.007404327392578125
e1_rocket_a0.15,rocket,0.15,0.0,coins,0.0678425329014984,fdc3ba13bff4582111a378fde86827c3,0.007404327392578125
e1_rocket_a0.15,rocket,0.15,0.0,horse,0.01572205568775302,fdc3ba13bff4582111a378fde86827c3,0.007404327392578125
e1_rocket_a0.15,rocket,0.15,0.0,page,0.06282219026968047,fdc3ba13bff4582111a378fde86827c3,0.007404327392578125
e1_rocket_a0.15,rocket,0.15,0.0,rocket,0.18280013971116485,fdc3ba13bff4582111a378fde86827c3,0.007404327392578125
e1_rocket_a0.15,rocket,0.15,0.0,immunohistochemistry,0.06576833300157892,fdc3ba13bff4582111a378fde86827c3,0.007404327392578125
e1_rocket_a0.15,rocket,0.15,0.0,cell,0.0,fdc3ba13bff4582111a378fde86827c3,0.007404327392578125
e1_rocket_a0.15,rocket,0.15,0.0,synth_sparse,0.03698757958528278,fdc3ba13bff4582111a378fde86827c3,0.007404327392578125
e1_rocket_a0.15,rocket,0.15,0.0,synth_low,0.0014199503017394391,fdc3ba13bff4582111a378fde86827c3,0.007404327392578125
e1_rocket_a0.15,rocket,0.15,0.0,synth_mid,0.06233697896771335,fdc3ba13bff4582111a378fde86827c3,0.007404327392578125
e1_rocket_a0.15,rocket,0.15,0.0,synth_dense,0.05839865226002109,fdc3ba13bff4582111a378fde86827c3,0.007404327392578125
e1_rocket_a0.15,rocket,0.15,0.0,synth_veryd,0.05253939273852383,fdc3ba13bff4582111a378fde86827c3,0.007404327392578125
e1_rocket_a1.0,rocket,1.0,0.042999267578125,astronaut,0.24222610924329968,24d7e7bde520f12c7604699ce1facce1,0.033260345458984375
e1_rocket_a1.0,rocket,1.0,0.042999267578125,camera,0.3122593737402832,24d7e7bde520f12c7604699ce1facce1,0.033260345458984375
e1_rocket_a1.0,rocket,1.0,0.042999267578125,coffee,0.15508890714356174,24d7e7bde520f12c7604699ce1facce1,0.033260345458984375
e1_rocket_a1.0,rocket,1.0,0.042999267578125,chelsea,0.13176245807099612,24d7e7bde520f12c7604699ce1facce1,0.033260345458984375
e1_rocket_a1.0,rocket,1.0,0.042999267578125,coins,0.1994355871279402,24d7e7bde520f12c7604699ce1facce1,0.033260345458984375
e1_rocket_a1.0,rocket,1.0,0.042999267578125,horse,0.08136398664269201,24d7e7bde520f12c7604699ce1facce1,0.033260345458984375
e1_rocket_a1.0,rocket,1.0,0.042999267578125,page,0.1489274222239687,24d7e7bde520f12c7604699ce1facce1,0.033260345458984375
e1_rocket_a1.0,rocket,1.0,0.042999267578125,rocket,0.8391704755004836,24d7e7bde520f12c7604699ce1facce1,0.033260345458984375
e1_rocket_a1.0,rocket,1.0,0.042999267578125,immunohistochemistry,0.2152144017646556,24d7e7bde520f12c7604699ce1facce1,0.033260345458984375
e1_rocket_a1.0,rocket,1.0,0.042999267578125,cell,0.006495334184943816,24d7e7bde520f12c7604699ce1facce1,0.033260345458984375
e1_rocket_a1.0,rocket,1.0,0.042999267578125,synth_sparse,0.013731042756497962,24d7e7bde520f12c7604699ce1facce1,0.033260345458984375
e1_rocket_a1.0,rocket,1.0,0.042999267578125,synth_low,0.056846658721534646,24d7e7bde520f12c7604699ce1facce1,0.033260345458984375
e1_rocket_a1.0,rocket,1.0,0.042999267578125,synth_mid,0.11250551542305415,24d7e7bde520f12c7604699ce1facce1,0.033260345458984375
e1_rocket_a1.0,rocket,1.0,0.042999267578125,synth_dense,0.17679328630506108,24d7e7bde520f12c7604699ce1facce1,0.033260345458984375
e1_rocket_a1.0,rocket,1.0,0.042999267578125,synth_veryd,0.21282765882757307,24d7e7bde520f12c7604699ce1facce1,0.033260345458984375
e1_immunohistochemistry_a0.15,immunohistochemistry,0.15,0.0,astronaut,0.5244311896712669,7b046e2afe991a06b18650cd18d2d362,0.15552902221679688
e1_immunohistochemistry_a0.15,immunohistochemistry,0.15,0.0,camera,0.4184771690113047,7b046e2afe991a06b18650cd18d2d362,0.15552902221679688
e1_immunohistochemistry_a0.15,immunohistochemistry,0.15,0.0,coffee,0.3284345787143914,7b046e2afe991a06b18650cd18d2d362,0.15552902221679688
e1_immunohistochemistry_a0.15,immunohistochemistry,0.15,0.0,chelsea,0.32222966909439343,7b046e2afe991a06b18650cd18d2d362,0.15552902221679688
e1_immunohistochemistry_a0.15,immunohistochemistry,0.15,0.0,coins,0.40359695295718917,7b046e2afe991a06b18650cd18d2d362,0.15552902221679688
e1_immunohistochemistry_a0.15,immunohistochemistry,0.15,0.0,horse,0.08979596493105048,7b046e2afe991a06b18650cd18d2d362,0.15552902221679688
e1_immunohistochemistry_a0.15,immunohistochemistry,0.15,0.0,page,0.41444388492817735,7b046e2afe991a06b18650cd18d2d362,0.15552902221679688
e1_immunohistochemistry_a0.15,immunohistochemistry,0.15,0.0,rocket,0.2888969625588509,7b046e2afe991a06b18650cd18d2d362,0.15552902221679688
e1_immunohistochemistry_a0.15,immunohistochemistry,0.15,0.0,immunohistochemistry,0.6570120693855774,7b046e2afe991a06b18650cd18d2d362,0.15552902221679688
e1_immunohistochemistry_a0.15,immunohistochemistry,0.15,0.0,cell,0.011038695357644441,7b046e2afe991a06b18650cd18d2d362,0.15552902221679688
e1_immunohistochemistry_a0.15,immunohistochemistry,0.15,0.0,synth_sparse,0.06972048667088525,7b046e2afe991a06b18650cd18d2d362,0.15552902221679688
e1_immunohistochemistry_a0.15,immunohistochemistry,0.15,0.0,synth_low,0.14723159197938393,7b046e2afe991a06b18650cd18d2d362,0.15552902221679688
e1_immunohistochemistry_a0.15,immunohistochemistry,0.15,0.0,synth_mid,0.27979661295486985,7b046e2afe991a06b18650cd18d2d362,0.15552902221679688
e1_immunohistochemistry_a0.15,immunohistochemistry,0.15,0.0,synth_dense,0.44510343591901363,7b046e2afe991a06b18650cd18d2d362,0.15552902221679688
e1_immunohistochemistry_a0.15,immunohistochemistry,0.15,0.0,synth_veryd,0.5913018909085922,7b046e2afe991a06b18650cd18d2d362,0.15552902221679688
e1_immunohistochemistry_a1.0,immunohistochemistry,1.0,0.1884346008300781,astronaut,0.45142534199578155,044d3485e4cf7b56d60666afcedb1c5b,0.17659378051757812
e1_immunohistochemistry_a1.0,immunohistochemistry,1.0,0.1884346008300781,camera,0.35034687275179127,044d3485e4cf7b56d60666afcedb1c5b,0.17659378051757812
e1_immunohistochemistry_a1.0,immunohistochemistry,1.0,0.1884346008300781,coffee,0.33548880536351394,044d3485e4cf7b56d60666afcedb1c5b,0.17659378051757812
e1_immunohistochemistry_a1.0,immunohistochemistry,1.0,0.1884346008300781,chelsea,0.36964714362126366,044d3485e4cf7b56d60666afcedb1c5b,0.17659378051757812
e1_immunohistochemistry_a1.0,immunohistochemistry,1.0,0.1884346008300781,coins,0.37665553881731023,044d3485e4cf7b56d60666afcedb1c5b,0.17659378051757812
e1_immunohistochemistry_a1.0,immunohistochemistry,1.0,0.1884346008300781,horse,0.124831383900895,044d3485e4cf7b56d60666afcedb1c5b,0.17659378051757812
e1_immunohistochemistry_a1.0,immunohistochemistry,1.0,0.1884346008300781,page,0.42525210485606435,044d3485e4cf7b56d60666afcedb1c5b,0.17659378051757812
e1_immunohistochemistry_a1.0,immunohistochemistry,1.0,0.1884346008300781,rocket,0.2277312051077826,044d3485e4cf7b56d60666afcedb1c5b,0.17659378051757812
e1_immunohistochemistry_a1.0,immunohistochemistry,1.0,0.1884346008300781,immunohistochemistry,0.8496024343668377,044d3485e4cf7b56d60666afcedb1c5b,0.17659378051757812
e1_immunohistochemistry_a1.0,immunohistochemistry,1.0,0.1884346008300781,cell,0.008755727050822584,044d3485e4cf7b56d60666afcedb1c5b,0.17659378051757812
e1_immunohistochemistry_a1.0,immunohistochemistry,1.0,0.1884346008300781,synth_sparse,0.05323975869214236,044d3485e4cf7b56d60666afcedb1c5b,0.17659378051757812
e1_immunohistochemistry_a1.0,immunohistochemistry,1.0,0.1884346008300781,synth_low,0.14091635225631435,044d3485e4cf7b56d60666afcedb1c5b,0.17659378051757812
e1_immunohistochemistry_a1.0,immunohistochemistry,1.0,0.1884346008300781,synth_mid,0.2874568058142335,044d3485e4cf7b56d60666afcedb1c5b,0.17659378051757812
e1_immunohistochemistry_a1.0,immunohistochemistry,1.0,0.1884346008300781,synth_dense,0.4585590188302254,044d3485e4cf7b56d60666afcedb1c5b,0.17659378051757812
e1_immunohistochemistry_a1.0,immunohistochemistry,1.0,0.1884346008300781,synth_veryd,0.5998241101994893,044d3485e4cf7b56d60666afcedb1c5b,0.17659378051757812
e1_cell_a0.15,cell,0.15,0.0,astronaut,0.4520421220329592,8dbd3473b9fffae5d6a3984fdd920f73,0.25394439697265625
e1_cell_a0.15,cell,0.15,0.0,camera,0.40699186477172233,8dbd3473b9fffae5d6a3984fdd920f73,0.25394439697265625
e1_cell_a0.15,cell,0.15,0.0,coffee,0.3856523636529244,8dbd3473b9fffae5d6a3984fdd920f73,0.25394439697265625
e1_cell_a0.15,cell,0.15,0.0,chelsea,0.3012662607880369,8dbd3473b9fffae5d6a3984fdd920f73,0.25394439697265625
e1_cell_a0.15,cell,0.15,0.0,coins,0.4425578832705604,8dbd3473b9fffae5d6a3984fdd920f73,0.25394439697265625
e1_cell_a0.15,cell,0.15,0.0,horse,0.14395597819328323,8dbd3473b9fffae5d6a3984fdd920f73,0.25394439697265625
e1_cell_a0.15,cell,0.15,0.0,page,0.42962325798691914,8dbd3473b9fffae5d6a3984fdd920f73,0.25394439697265625
e1_cell_a0.15,cell,0.15,0.0,rocket,0.2941650160523196,8dbd3473b9fffae5d6a3984fdd920f73,0.25394439697265625
e1_cell_a0.15,cell,0.15,0.0,immunohistochemistry,0.7231753790803378,8dbd3473b9fffae5d6a3984fdd920f73,0.25394439697265625
e1_cell_a0.15,cell,0.15,0.0,cell,0.014424161249608942,8dbd3473b9fffae5d6a3984fdd920f73,0.25394439697265625
e1_cell_a0.15,cell,0.15,0.0,synth_sparse,0.03387039200702827,8dbd3473b9fffae5d6a3984fdd920f73,0.25394439697265625
e1_cell_a0.15,cell,0.15,0.0,synth_low,0.09438631126344801,8dbd3473b9fffae5d6a3984fdd920f73,0.25394439697265625
e1_cell_a0.15,cell,0.15,0.0,synth_mid,0.23148159025835016,8dbd3473b9fffae5d6a3984fdd920f73,0.25394439697265625
e1_cell_a0.15,cell,0.15,0.0,synth_dense,0.42485826856615294,8dbd3473b9fffae5d6a3984fdd920f73,0.25394439697265625
e1_cell_a0.15,cell,0.15,0.0,synth_veryd,0.6226280539053669,8dbd3473b9fffae5d6a3984fdd920f73,0.25394439697265625
e1_cell_a0.3,cell,0.3,0.0,astronaut,0.4520421220329592,8dbd3473b9fffae5d6a3984fdd920f73,0.25394439697265625
e1_cell_a0.3,cell,0.3,0.0,camera,0.40699186477172233,8dbd3473b9fffae5d6a3984fdd920f73,0.25394439697265625
e1_cell_a0.3,cell,0.3,0.0,coffee,0.3856523636529244,8dbd3473b9fffae5d6a3984fdd920f73,0.25394439697265625
e1_cell_a0.3,cell,0.3,0.0,chelsea,0.3012662607880369,8dbd3473b9fffae5d6a3984fdd920f73,0.25394439697265625
e1_cell_a0.3,cell,0.3,0.0,coins,0.4425578832705604,8dbd3473b9fffae5d6a3984fdd920f73,0.25394439697265625
e1_cell_a0.3,cell,0.3,0.0,horse,0.14395597819328323,8dbd3473b9fffae5d6a3984fdd920f73,0.25394439697265625
e1_cell_a0.3,cell,0.3,0.0,page,0.42962325798691914,8dbd3473b9fffae5d6a3984fdd920f73,0.25394439697265625
e1_cell_a0.3,cell,0.3,0.0,rocket,0.2941650160523196,8dbd3473b9fffae5d6a3984fdd920f73,0.25394439697265625
e1_cell_a0.3,cell,0.3,0.0,immunohistochemistry,0.7231753790803378,8dbd3473b9fffae5d6a3984fdd920f73,0.25394439697265625
e1_cell_a0.3,cell,0.3,0.0,cell,0.014424161249608942,8dbd3473b9fffae5d6a3984fdd920f73,0.25394439697265625
e1_cell_a0.3,cell,0.3,0.0,synth_sparse,0.03387039200702827,8dbd3473b9fffae5d6a3984fdd920f73,0.25394439697265625
e1_cell_a0.3,cell,0.3,0.0,synth_low,0.09438631126344801,8dbd3473b9fffae5d6a3984fdd920f73,0.25394439697265625
e1_cell_a0.3,cell,0.3,0.0,synth_mid,0.23148159025835016,8dbd3473b9fffae5d6a3984fdd920f73,0.25394439697265625
e1_cell_a0.3,cell,0.3,0.0,synth_dense,0.42485826856615294,8dbd3473b9fffae5d6a3984fdd920f73,0.25394439697265625
e1_cell_a0.3,cell,0.3,0.0,synth_veryd,0.6226280539053669,8dbd3473b9fffae5d6a3984fdd920f73,0.25394439697265625
e1_cell_a0.5,cell,0.5,0.0,astronaut,0.4520421220329592,8dbd3473b9fffae5d6a3984fdd920f73,0.25394439697265625
e1_cell_a0.5,cell,0.5,0.0,camera,0.40699186477172233,8dbd3473b9fffae5d6a3984fdd920f73,0.25394439697265625
e1_cell_a0.5,cell,0.5,0.0,coffee,0.3856523636529244,8dbd3473b9fffae5d6a3984fdd920f73,0.25394439697265625
e1_cell_a0.5,cell,0.5,0.0,chelsea,0.3012662607880369,8dbd3473b9fffae5d6a3984fdd920f73,0.25394439697265625
e1_cell_a0.5,cell,0.5,0.0,coins,0.4425578832705604,8dbd3473b9fffae5d6a3984fdd920f73,0.25394439697265625
e1_cell_a0.5,cell,0.5,0.0,horse,0.14395597819328323,8dbd3473b9fffae5d6a3984fdd920f73,0.25394439697265625
e1_cell_a0.5,cell,0.5,0.0,page,0.42962325798691914,8dbd3473b9fffae5d6a3984fdd920f73,0.25394439697265625
e1_cell_a0.5,cell,0.5,0.0,rocket,0.2941650160523196,8dbd3473b9fffae5d6a3984fdd920f73,0.25394439697265625
e1_cell_a0.5,cell,0.5,0.0,immunohistochemistry,0.7231753790803378,8dbd3473b9fffae5d6a3984fdd920f73,0.25394439697265625
e1_cell_a0.5,cell,0.5,0.0,cell,0.014424161249608942,8dbd3473b9fffae5d6a3984fdd920f73,0.25394439697265625
e1_cell_a0.5,cell,0.5,0.0,synth_sparse,0.03387039200702827,8dbd3473b9fffae5d6a3984fdd920f73,0.25394439697265625
e1_cell_a0.5,cell,0.5,0.0,synth_low,0.09438631126344801,8dbd3473b9fffae5d6a3984fdd920f73,0.25394439697265625
e1_cell_a0.5,cell,0.5,0.0,synth_mid,0.23148159025835016,8dbd3473b9fffae5d6a3984fdd920f73,0.25394439697265625
e1_cell_a0.5,cell,0.5,0.0,synth_dense,0.42485826856615294,8dbd3473b9fffae5d6a3984fdd920f73,0.25394439697265625
e1_cell_a0.5,cell,0.5,0.0,synth_veryd,0.6226280539053669,8dbd3473b9fffae5d6a3984fdd920f73,0.25394439697265625
e1_cell_a1.0,cell,1.0,0.00164794921875,astronaut,0.5430612314842388,163663df449cf7ca34ef7d5b6a783412,0.18338775634765625
e1_cell_a1.0,cell,1.0,0.00164794921875,camera,0.40310480709068647,163663df449cf7ca34ef7d5b6a783412,0.18338775634765625
e1_cell_a1.0,cell,1.0,0.00164794921875,coffee,0.3586705524559161,163663df449cf7ca34ef7d5b6a783412,0.18338775634765625
e1_cell_a1.0,cell,1.0,0.00164794921875,chelsea,0.3292332403424242,163663df449cf7ca34ef7d5b6a783412,0.18338775634765625
e1_cell_a1.0,cell,1.0,0.00164794921875,coins,0.4212691114968529,163663df449cf7ca34ef7d5b6a783412,0.18338775634765625
e1_cell_a1.0,cell,1.0,0.00164794921875,horse,0.09199364472319198,163663df449cf7ca34ef7d5b6a783412,0.18338775634765625
e1_cell_a1.0,cell,1.0,0.00164794921875,page,0.4030958890730399,163663df449cf7ca34ef7d5b6a783412,0.18338775634765625
e1_cell_a1.0,cell,1.0,0.00164794921875,rocket,0.2905042767924624,163663df449cf7ca34ef7d5b6a783412,0.18338775634765625
e1_cell_a1.0,cell,1.0,0.00164794921875,immunohistochemistry,0.6464707186167258,163663df449cf7ca34ef7d5b6a783412,0.18338775634765625
e1_cell_a1.0,cell,1.0,0.00164794921875,cell,0.01924146597721514,163663df449cf7ca34ef7d5b6a783412,0.18338775634765625
e1_cell_a1.0,cell,1.0,0.00164794921875,synth_sparse,0.08171665100744689,163663df449cf7ca34ef7d5b6a783412,0.18338775634765625
e1_cell_a1.0,cell,1.0,0.00164794921875,synth_low,0.18228136444453907,163663df449cf7ca34ef7d5b6a783412,0.18338775634765625
e1_cell_a1.0,cell,1.0,0.00164794921875,synth_mid,0.2998159186691515,163663df449cf7ca34ef7d5b6a783412,0.18338775634765625
e1_cell_a1.0,cell,1.0,0.00164794921875,synth_dense,0.4293190862251308,163663df449cf7ca34ef7d5b6a783412,0.18338775634765625
e1_cell_a1.0,cell,1.0,0.00164794921875,synth_veryd,0.5815366029323444,163663df449cf7ca34ef7d5b6a783412,0.18338775634765625
