mid_rms,down_rms_mean,down_rms_first,down_rms_last,total_rms,source,alpha,density
0.9807944297790527,0.26937811945875484,0.07477729022502899,0.25513511896133423,0.38955623289997926,synth_sparse,0.1,0.0
0.9807944297790527,0.26937811945875484,0.07477729022502899,0.25513511896133423,0.38955623289997926,synth_sparse,0.15,0.0
0.9807944297790527,0.26937811945875484,0.07477729022502899,0.25513511896133423,0.38955623289997926,synth_sparse,0.2,0.0
1.1678775548934937,0.43180210577944916,0.07930701225996017,0.49748554825782776,0.5469814245056258,synth_sparse,0.25,0.0063018798828125
1.1678775548934937,0.43180210577944916,0.07930701225996017,0.49748554825782776,0.5469814245056258,synth_sparse,0.3,0.0063018798828125
1.1116814613342285,0.42345433682203293,0.0802745670080185,0.48200738430023193,0.5306615348340885,synth_sparse,0.4,0.008056640625
1.1116814613342285,0.42345433682203293,0.0802745670080185,0.48200738430023193,0.5306615348340885,synth_sparse,0.5,0.008056640625
1.1116814613342285,0.42345433682203293,0.0802745670080185,0.48200738430023193,0.5306615348340885,synth_sparse,0.7,0.008056640625
1.1116814613342285,0.42345433682203293,0.0802745670080185,0.48200738430023193,0.5306615348340885,synth_sparse,1.0,0.008056640625
0.9807944297790527,0.26937811945875484,0.07477729022502899,0.25513511896133423,0.38955623289997926,synth_low,0.1,0.0
0.9807944297790527,0.26937811945875484,0.07477729022502899,0.25513511896133423,0.38955623289997926,synth_low,0.15,0.0
0.9807944297790527,0.26937811945875484,0.07477729022502899,0.25513511896133423,0.38955623289997926,synth_low,0.2,0.0
1.420061707496643,0.5559295260657867,0.08562528342008591,0.6171217560768127,0.6920516097307482,synth_low,0.25,0.016082763671875
1.420061707496643,0.5559295260657867,0.08562528342008591,0.6171217560768127,0.6920516097307482,synth_low,0.3,0.016082763671875
1.357955813407898,0.5401829574257135,0.08765425533056259,0.593834400177002,0.6684288032623829,synth_low,0.4,0.020050048828125
1.357955813407898,0.5401829574257135,0.08765425533056259,0.593834400177002,0.6684288032623829,synth_low,0.5,0.020050048828125
1.357955813407898,0.5401829574257135,0.08765425533056259,0.593834400177002,0.6684288032623829,synth_low,0.7,0.020050048828125
1.357955813407898,0.5401829574257135,0.08765425533056259,0.593834400177002,0.6684288032623829,synth_low,1.0,0.020050048828125
0.9807944297790527,0.26937811945875484,0.07477729022502899,0.25513511896133423,0.38955623289997926,synth_mid,0.1,0.0
0.9807944297790527,0.26937811945875484,0.07477729022502899,0.25513511896133423,0.38955623289997926,synth_mid,0.15,0.0
0.9807944297790527,0.26937811945875484,0.07477729022502899,0.25513511896133423,0.38955623289997926,synth_mid,0.2,0.0
1.5642606019973755,0.6970742469032606,0.10059389472007751,0.734846293926239,0.8387409237153429,synth_mid,0.25,0.04486083984375
1.5642606019973755,0.6970742469032606,0.10059389472007751,0.734846293926239,0.8387409237153429,synth_mid,0.3,0.04486083984375
1.560750961303711,0.688290573656559,0.10146215558052063,0.7261030673980713,0.8301769370622515,synth_mid,0.4,0.0467529296875
1.560750961303711,0.688290573656559,0.10146215558052063,0.7261030673980713,0.8301769370622515,synth_mid,0.5,0.0467529296875
1.560750961303711,0.688290573656559,0.10146215558052063,0.7261030673980713,0.8301769370622515,synth_mid,0.7,0.0467529296875
1.560750961303711,0.688290573656559,0.10146215558052063,0.7261030673980713,0.8301769370622515,synth_mid,1.0,0.0467529296875
0.9807944297790527,0.26937811945875484,0.07477729022502899,0.25513511896133423,0.38955623289997926,synth_dense,0.1,0.0
0.9807944297790527,0.26937811945875484,0.07477729022502899,0.25513511896133423,0.38955623289997926,synth_dense,0.15,0.0
0.9807944297790527,0.26937811945875484,0.07477729022502899,0.25513511896133423,0.38955623289997926,synth_dense,0.2,0.0
1.6109610795974731,0.732021010791262,0.11867179721593857,0.7651923298835754,0.8762605546148791,synth_dense,0.25,0.08837890625
1.6109610795974731,0.732021010791262,0.11867179721593857,0.7651923298835754,0.8762605546148791,synth_dense,0.3,0.08837890625
1.6109610795974731,0.732021010791262,0.11867179721593857,0.7651923298835754,0.8762605546148791,synth_dense,0.4,0.08837890625
1.6109610795974731,0.732021010791262,0.11867179721593857,0.7651923298835754,0.8762605546148791,synth_dense,0.5,0.08837890625
1.6109610795974731,0.732021010791262,0.11867179721593857,0.7651923298835754,0.8762605546148791,synth_dense,0.7,0.08837890625
1.6109610795974731,0.732021010791262,0.11867179721593857,0.7651923298835754,0.8762605546148791,synth_dense,1.0,0.08837890625
0.9807944297790527,0.26937811945875484,0.07477729022502899,0.25513511896133423,0.38955623289997926,synth_veryd,0.1,0.0
0.9807944297790527,0.26937811945875484,0.07477729022502899,0.25513511896133423,0.38955623289997926,synth_veryd,0.15,0.0
0.9807944297790527,0.26937811945875484,0.07477729022502899,0.25513511896133423,0.38955623289997926,synth_veryd,0.2,0.0
1.6482006311416626,0.860985221962134,0.13425084948539734,0.9126012921333313,1.0031207610024684,synth_veryd,0.25,0.131591796875
1.6482006311416626,0.860985221962134,0.13425084948539734,0.9126012921333313,1.0031207610024684,synth_veryd,0.3,0.131591796875
1.6482006311416626,0.860985221962134,0.13425084948539734,0.9126012921333313,1.0031207610024684,synth_veryd,0.4,0.131591796875
1.6482006311416626,0.860985221962134,0.13425084948539734,0.9126012921333313,1.0031207610024684,synth_veryd,0.5,0.131591796875
1.6482006311416626,0.860985221962134,0.13425084948539734,0.9126012921333313,1.0031207610024684,synth_veryd,0.7,0.131591796875
1.6482006311416626,0.860985221962134,0.13425084948539734,0.9126012921333313,1.0031207610024684,synth_veryd,1.0,0.131591796875
0.8426979184150696,0.27666638667384785,0.07477729022502899,0.2694268226623535,0.3693687862894821,astronaut,0.1,0.0
0.8918610215187073,0.2855718129624923,0.07482045143842697,0.2841038405895233,0.38407991801982583,astronaut,0.15,6.866455078125e-05
2.0739119052886963,0.6907944865524769,0.08258605003356934,0.9001322388648987,0.9209796280708792,astronaut,0.2,0.00997161865234375
2.334935426712036,0.7893646247684956,0.08821739256381989,1.018356442451477,1.0470561331539774,astronaut,0.25,0.01969146728515625
2.696500062942505,0.8955193031579256,0.09344162791967392,1.185896635055542,1.2005253646826148,astronaut,0.3,0.02912139892578125
3.027798652648926,1.0273621051261823,0.10076414793729782,1.3736181259155273,1.3694033549939595,astronaut,0.4,0.044155120849609375
3.2095046043395996,1.0886111079404752,0.10510622709989548,1.4559314250946045,1.4520693885102893,astronaut,0.5,0.054416656494140625
3.3118393421173096,1.1488860752433538,0.11141584068536758,1.5100473165512085,1.5175870492040495,astronaut,0.7,0.07058334350585938
3.256434917449951,1.197767602900664,0.11764320731163025,1.5180222988128662,1.5455830273584443,astronaut,1.0,0.09000015258789062
0.9889111518859863,0.28023110205928486,0.07477729022502899,0.2736724615097046,0.3986773184097192,camera,0.1,0.0
0.9889111518859863,0.28023110205928486,0.07477729022502899,0.2736724615097046,0.3986773184097192,camera,0.15,0.0
2.098339319229126,0.4709323675682147,0.07695021480321884,0.613618791103363,0.7578538880055092,camera,0.2,0.0030975341796875
2.482410430908203,0.633165351425608,0.0807662233710289,0.8518428206443787,0.9542374095201706,camera,0.25,0.008815765380859375
2.9146645069122314,0.7220606418947378,0.08354544639587402,0.9767336249351501,1.1074803220819025,camera,0.3,0.0138702392578125
3.1208884716033936,0.8050100275625786,0.08647870272397995,1.1055268049240112,1.211648429880417,camera,0.4,0.0205230712890625
3.1893725395202637,0.883367824057738,0.08887878060340881,1.2151342630386353,1.2857389740137883,camera,0.5,0.0252838134765625
3.1892669200897217,0.9799548014998436,0.09534412622451782,1.2684766054153442,1.3557006116459436,camera,0.7,0.03890228271484375
3.2322959899902344,1.036396348848939,0.10842778533697128,1.2844330072402954,1.4043227899951003,camera,1.0,0.07509613037109375
0.949901819229126,0.2764797794322173,0.07477729022502899,0.27266180515289307,0.3884575777159829,coffee,0.1,0.0
1.2071876525878906,0.28709916522105533,0.07485650479793549,0.2877401113510132,0.4461790738785333,coffee,0.15,0.0001068115234375
1.7234158515930176,0.41797017119824886,0.0759628638625145,0.4957605004310608,0.6410462357333939,coffee,0.2,0.00159454345703125
2.2242114543914795,0.6307882784555355,0.08308861404657364,0.813456654548645,0.8992681830783351,coffee,0.25,0.011104583740234375
2.289896011352539,0.6998357580353817,0.08535806089639664,0.8985981941223145,0.965456606909213,coffee,0.3,0.014678955078125
2.5576329231262207,0.7938435431569815,0.0909062996506691,1.0309654474258423,1.0897999874424638,coffee,0.4,0.02321624755859375
2.5928332805633545,0.8439742426077524,0.09400233626365662,1.0980892181396484,1.1358494289541343,coffee,0.5,0.028949737548828125
2.6732723712921143,0.9094808343797922,0.09973599761724472,1.1796610355377197,1.203400943713088,coffee,0.7,0.04079437255859375
2.731462240219116,0.9779650835941235,0.10744386166334152,1.255697250366211,1.2699747474238632,coffee,1.0,0.05858612060546875
1.0334595441818237,0.2829768906037013,0.07477729022502899,0.2852810025215149,0.4089869639500539,chelsea,0.1,0.0
1.0334595441818237,0.2829768906037013,0.07477729022502899,0.2852810025215149,0.4089869639500539,chelsea,0.15,0.0
1.0334595441818237,0.2829768906037013,0.07477729022502899,0.2852810025215149,0.4089869639500539,chelsea,0.2,0.0
1.0334595441818237,0.2829768906037013,0.07477729022502899,0.2852810025215149,0.4089869639500539,chelsea,0.25,0.0
1.0334595441818237,0.2829768906037013,0.07477729022502899,0.2852810025215149,0.4089869639500539,chelsea,0.3,0.0
1.0868476629257202,0.2870469248543183,0.07482054084539413,0.2894209921360016,0.42217890240124195,chelsea,0.4,6.4849853515625e-05
1.47358238697052,0.421499930943052,0.07625264674425125,0.5011815428733826,0.5938950163824558,chelsea,0.5,0.001697540283203125
2.168931245803833,0.7105291485786438,0.08272576332092285,0.8594806790351868,0.9489935183012923,chelsea,0.7,0.010326385498046875
2.6638643741607666,0.9535900391638279,0.10040779411792755,1.1065376996994019,1.2332080064322248,chelsea,1.0,0.04433441162109375
0.9502131938934326,0.2723232147594293,0.07477729022502899,0.2580215036869049,0.3855061737144211,coins,0.1,0.0
0.9502131938934326,0.2723232147594293,0.07477729022502899,0.2580215036869049,0.3855061737144211,coins,0.15,0.0
0.9502131938934326,0.2723232147594293,0.07477729022502899,0.2580215036869049,0.3855061737144211,coins,0.2,0.0
1.576823353767395,0.4782091472297907,0.07930975407361984,0.5543068647384644,0.6564861411932575,coins,0.25,0.0052490234375
1.7540072202682495,0.5871031060814857,0.08364856243133545,0.6613681316375732,0.7744004038109518,coins,0.3,0.010528564453125
1.9278225898742676,0.7061539882173141,0.09087001532316208,0.8074094653129578,0.9034423732432544,coins,0.4,0.020694732666015625
1.8823225498199463,0.7642395248015722,0.09490180015563965,0.8331385254859924,0.9441881012758434,coins,0.5,0.02805328369140625
1.8530353307724,0.8379005417227745,0.10265776515007019,0.8411630392074585,1.0046045135129622,coins,0.7,0.047885894775390625
1.873500943183899,0.8872375103334585,0.11117778718471527,0.842359721660614,1.0537327198031,coins,1.0,0.07428359985351562
0.9371085166931152,0.2806270395716031,0.07477729022502899,0.277111291885376,0.3892815297995983,horse,0.1,0.0
2.0859267711639404,0.6804297951360544,0.08484657108783722,0.9074955582618713,0.9177990231614049,horse,0.15,0.01294708251953125
2.086334705352783,0.6801275511582693,0.08485043048858643,0.9065101146697998,0.9175624974607903,horse,0.2,0.012950897216796875
2.085623025894165,0.6799090740581354,0.08485449850559235,0.9057170748710632,0.917217360176579,horse,0.25,0.012958526611328125
2.0833957195281982,0.6797511999805769,0.08485640585422516,0.9054811596870422,0.9166817992048356,horse,0.3,0.012966156005859375
2.085970401763916,0.6801924811055263,0.08486100286245346,0.9065853357315063,0.9175664085898467,horse,0.4,0.01296234130859375
2.079435110092163,0.6794255661467711,0.08486340939998627,0.9042204022407532,0.9156436390099125,horse,0.5,0.012969970703125
2.088749885559082,0.6801563631743193,0.08486849814653397,0.9070778489112854,0.9180570063398122,horse,0.7,0.012969970703125
2.0827372074127197,0.679980240141352,0.08486644178628922,0.9059888124465942,0.9167735920397341,horse,1.0,0.012973785400390625
1.013613224029541,0.2734374863406022,0.07477729022502899,0.2568076550960541,0.3987128678137911,page,0.1,0.0
1.013613224029541,0.2734374863406022,0.07477729022502899,0.2568076550960541,0.3987128678137911,page,0.15,0.0
1.013613224029541,0.2734374863406022,0.07477729022502899,0.2568076550960541,0.3987128678137911,page,0.2,0.0
1.0577292442321777,0.5602401681244373,0.0797017514705658,0.6248650550842285,0.644698280496114,page,0.25,0.00737762451171875
1.3936561346054077,0.7615350044022003,0.09219706803560257,0.8425161838531494,0.8740552286529246,page,0.3,0.031772613525390625
1.6695791482925415,0.8700610051552454,0.10412132740020752,0.9678981900215149,1.009290397239816,page,0.4,0.061939239501953125
1.6811375617980957,0.8717390298843384,0.10735797882080078,0.9765695333480835,1.0117996258256214,page,0.5,0.07192611694335938
1.7118431329727173,0.867614853506287,0.10962704569101334,0.978713870048523,1.0116974921489255,page,0.7,0.0796051025390625
1.7832310199737549,0.8768799615403017,0.11187519133090973,1.003197193145752,1.0300733171374148,page,1.0,0.08687210083007812
0.877301037311554,0.27814347048600513,0.07477729022502899,0.27583855390548706,0.37626696885798666,rocket,0.1,0.0
0.877301037311554,0.27814347048600513,0.07477729022502899,0.27583855390548706,0.37626696885798666,rocket,0.15,0.0
1.0259647369384766,0.29041362305482227,0.07496070861816406,0.2895001173019409,0.4123554803037096,rocket,0.2,0.000247955322265625
1.3990261554718018,0.39046322368085384,0.07602053135633469,0.4027278423309326,0.5553832234428043,rocket,0.25,0.001800537109375
1.4055771827697754,0.4592293091118336,0.07755792140960693,0.4847976267337799,0.6094060944977473,rocket,0.3,0.00441741943359375
1.6369348764419556,0.6289603045831124,0.08274289220571518,0.7328524589538574,0.7910562109625373,rocket,0.4,0.01436614990234375
1.730449914932251,0.6737898699939251,0.08588932454586029,0.8127744793891907,0.8451788574711478,rocket,0.5,0.021892547607421875
1.952675223350525,0.7645564669122299,0.09005343168973923,0.933110237121582,0.9601889778513238,rocket,0.7,0.033050537109375
2.0043203830718994,0.7729404705266157,0.09339587390422821,0.9414070844650269,0.9743291763825844,rocket,1.0,0.042999267578125
0.8008760213851929,0.27543414880832034,0.07477729022502899,0.27151796221733093,0.36084522247077394,immunohistochemistry,0.1,0.0
0.8008760213851929,0.27543414880832034,0.07477729022502899,0.27151796221733093,0.36084522247077394,immunohistochemistry,0.15,0.0
0.8008760213851929,0.27543414880832034,0.07477729022502899,0.27151796221733093,0.36084522247077394,immunohistochemistry,0.2,0.0
0.8008760213851929,0.27543414880832034,0.07477729022502899,0.27151796221733093,0.36084522247077394,immunohistochemistry,0.25,0.0
0.8479865193367004,0.28304550734659034,0.07481797784566879,0.28334537148475647,0.37426199712913283,immunohistochemistry,0.3,4.57763671875e-05
1.7141302824020386,0.6588562118510405,0.07969348132610321,0.747128963470459,0.8280887703270111,immunohistochemistry,0.4,0.006622314453125
2.334153652191162,0.9276903476566076,0.09303713589906693,1.0975247621536255,1.1574632747005242,immunohistochemistry,0.5,0.028125762939453125
2.7931532859802246,1.2176754859586556,0.12064780294895172,1.4178829193115234,1.4816727027728929,immunohistochemistry,0.7,0.097869873046875
2.9294469356536865,1.3404566484193008,0.14169980585575104,1.4989454746246338,1.610448775074305,immunohistochemistry,1.0,0.18843460083007812
0.8202566504478455,0.27696024626493454,0.07477729022502899,0.2711140513420105,0.36557715802973434,cell,0.1,0.0
0.8202566504478455,0.27696024626493454,0.07477729022502899,0.2711140513420105,0.36557715802973434,cell,0.15,0.0
0.8202566504478455,0.27696024626493454,0.07477729022502899,0.2711140513420105,0.36557715802973434,cell,0.2,0.0
0.8202566504478455,0.27696024626493454,0.07477729022502899,0.2711140513420105,0.36557715802973434,cell,0.25,0.0
0.8202566504478455,0.27696024626493454,0.07477729022502899,0.2711140513420105,0.36557715802973434,cell,0.3,0.0
0.8202566504478455,0.27696024626493454,0.07477729022502899,0.2711140513420105,0.36557715802973434,cell,0.4,0.0
0.8202566504478455,0.27696024626493454,0.07477729022502899,0.2711140513420105,0.36557715802973434,cell,0.5,0.0
0.8202566504478455,0.27696024626493454,0.07477729022502899,0.2711140513420105,0.36557715802973434,cell,0.7,0.0
1.12880539894104,0.3574086092412472,0.07622401416301727,0.3980144262313843,0.4803530474494844,cell,1.0,0.00164794921875
0.993297815322876,0.28403006742397946,0.07477729022502899,0.28482934832572937,0.4021857988412235,__empty__,0.0,0.0
